user_id,variant,device,converted,revenue_cents,acquisition_cents
U00000,B,Desktop,1,7900,220
U00001,B,Mobile,1,7900,220
U00002,B,Desktop,1,7900,220
U00003,B,Desktop,1,9900,220
U00004,A,Mobile,0,0,220
U00005,A,Mobile,0,0,220
U00006,A,Desktop,0,0,220
U00007,B,Mobile,0,0,220
U00008,A,Desktop,1,9900,220
U00009,B,Mobile,0,0,220
U00010,A,Mobile,0,0,220
U00011,A,Mobile,0,0,220
U00012,B,Desktop,1,9900,220
U00013,B,Desktop,0,0,220
U00014,A,Desktop,1,7900,220
U00015,B,Mobile,0,0,220
U00016,A,Desktop,0,0,220
U00017,B,Mobile,1,7900,220
U00018,A,Desktop,0,0,220
U00019,B,Mobile,1,4900,220
U00020,B,Mobile,0,0,220
U00021,A,Desktop,0,0,220
U00022,A,Mobile,0,0,220
U00023,B,Mobile,0,0,220
U00024,B,Desktop,0,0,220
U00025,B,Desktop,0,0,220
U00026,A,Mobile,0,0,220
U00027,A,Desktop,0,0,220
U00028,A,Mobile,0,0,220
U00029,A,Mobile,0,0,220
U00030,A,Desktop,0,0,220
U00031,A,Desktop,0,0,220
U00032,B,Desktop,0,0,220
U00033,B,Desktop,0,0,220
U00034,B,Desktop,0,0,220
U00035,A,Mobile,0,0,220
U00036,B,Mobile,0,0,220
U00037,A,Mobile,0,0,220
U00038,B,Mobile,0,0,220
U00039,B,Mobile,0,0,220
U00040,A,Mobile,0,0,220
U00041,B,Desktop,0,0,220
U00042,A,Desktop,1,9900,220
U00043,B,Desktop,0,0,220
U00044,A,Mobile,0,0,220
U00045,A,Mobile,0,0,220
U00046,B,Desktop,1,7900,220
U00047,B,Desktop,0,0,220
U00048,B,Desktop,1,7900,220
U00049,B,Mobile,0,0,220
U00050,A,Desktop,0,0,220
U00051,A,Desktop,0,0,220
U00052,A,Mobile,0,0,220
U00053,B,Mobile,0,0,220
U00054,A,Desktop,0,0,220
U00055,A,Desktop,0,0,220
U00056,A,Desktop,0,0,220
U00057,A,Mobile,0,0,220
U00058,B,Mobile,0,0,220
U00059,B,Mobile,0,0,220
U00060,A,Desktop,0,0,220
U00061,A,Desktop,0,0,220
U00062,A,Desktop,0,0,220
U00063,A,Desktop,1,7900,220
U00064,A,Mobile,0,0,220
U00065,B,Desktop,0,0,220
U00066,A,Desktop,1,7900,220
U00067,B,Mobile,0,0,220
U00068,B,Mobile,0,0,220
U00069,B,Mobile,1,9900,220
U00070,B,Mobile,0,0,220
U00071,A,Mobile,0,0,220
U00072,B,Mobile,0,0,220
U00073,B,Desktop,0,0,220
U00074,A,Mobile,0,0,220
U00075,B,Desktop,0,0,220
U00076,A,Desktop,1,4900,220
U00077,B,Desktop,0,0,220
U00078,B,Mobile,0,0,220
U00079,A,Mobile,1,4900,220
U00080,B,Mobile,0,0,220
U00081,B,Desktop,0,0,220
U00082,A,Mobile,0,0,220
U00083,A,Mobile,0,0,220
U00084,B,Desktop,0,0,220
U00085,A,Desktop,0,0,220
U00086,A,Desktop,0,0,220
U00087,B,Mobile,0,0,220
U00088,A,Desktop,1,7900,220
U00089,B,Mobile,0,0,220
U00090,A,Mobile,0,0,220
U00091,A,Mobile,0,0,220
U00092,B,Mobile,0,0,220
U00093,A,Desktop,1,4900,220
U00094,B,Mobile,1,9900,220
U00095,B,Mobile,0,0,220
U00096,B,Desktop,0,0,220
U00097,B,Mobile,0,0,220
U00098,B,Desktop,0,0,220
U00099,B,Mobile,0,0,220
U00100,A,Mobile,0,0,220
U00101,B,Desktop,0,0,220
U00102,B,Mobile,0,0,220
U00103,A,Desktop,1,7900,220
U00104,B,Desktop,1,9900,220
U00105,A,Mobile,0,0,220
U00106,B,Desktop,0,0,220
U00107,A,Mobile,0,0,220
U00108,A,Desktop,0,0,220
U00109,A,Mobile,1,4900,220
U00110,A,Mobile,0,0,220
U00111,B,Mobile,0,0,220
U00112,A,Mobile,0,0,220
U00113,B,Desktop,1,9900,220
U00114,B,Desktop,1,4900,220
U00115,B,Desktop,0,0,220
U00116,A,Mobile,0,0,220
U00117,A,Desktop,1,7900,220
U00118,B,Mobile,0,0,220
U00119,A,Mobile,0,0,220
U00120,A,Mobile,0,0,220
U00121,B,Mobile,0,0,220
U00122,A,Mobile,1,9900,220
U00123,A,Desktop,1,4900,220
U00124,A,Desktop,0,0,220
U00125,A,Desktop,0,0,220
U00126,A,Desktop,1,4900,220
U00127,A,Mobile,0,0,220
U00128,B,Mobile,1,7900,220
U00129,A,Mobile,0,0,220
U00130,B,Mobile,0,0,220
U00131,A,Mobile,0,0,220
U00132,A,Mobile,0,0,220
U00133,B,Mobile,0,0,220
U00134,B,Desktop,0,0,220
U00135,A,Mobile,0,0,220
U00136,B,Desktop,0,0,220
U00137,B,Desktop,0,0,220
U00138,B,Desktop,0,0,220
U00139,B,Mobile,0,0,220
U00140,B,Mobile,0,0,220
U00141,B,Mobile,0,0,220
U00142,B,Mobile,0,0,220
U00143,A,Desktop,0,0,220
U00144,B,Desktop,0,0,220
U00145,A,Desktop,1,7900,220
U00146,A,Desktop,0,0,220
U00147,A,Mobile,0,0,220
U00148,A,Mobile,0,0,220
U00149,A,Mobile,0,0,220
U00150,A,Mobile,0,0,220
U00151,B,Mobile,1,4900,220
U00152,B,Mobile,0,0,220
U00153,B,Desktop,1,7900,220
U00154,B,Desktop,0,0,220
U00155,A,Mobile,0,0,220
U00156,A,Mobile,0,0,220
U00157,B,Mobile,0,0,220
U00158,B,Mobile,1,9900,220
U00159,B,Desktop,1,4900,220
U00160,B,Desktop,0,0,220
U00161,B,Desktop,0,0,220
U00162,B,Mobile,0,0,220
U00163,A,Mobile,0,0,220
U00164,B,Mobile,0,0,220
U00165,A,Desktop,0,0,220
U00166,A,Mobile,0,0,220
U00167,A,Desktop,0,0,220
U00168,A,Mobile,0,0,220
U00169,A,Mobile,0,0,220
U00170,B,Desktop,0,0,220
U00171,A,Desktop,0,0,220
U00172,B,Mobile,0,0,220
U00173,A,Desktop,1,4900,220
U00174,A,Desktop,0,0,220
U00175,A,Desktop,0,0,220
U00176,B,Mobile,0,0,220
U00177,A,Mobile,1,4900,220
U00178,A,Mobile,0,0,220
U00179,B,Desktop,1,7900,220
U00180,B,Mobile,0,0,220
U00181,B,Desktop,1,4900,220
U00182,B,Desktop,0,0,220
U00183,B,Desktop,0,0,220
U00184,B,Mobile,0,0,220
U00185,B,Mobile,0,0,220
U00186,B,Mobile,0,0,220
U00187,A,Desktop,0,0,220
U00188,B,Desktop,0,0,220
U00189,B,Mobile,0,0,220
U00190,B,Mobile,0,0,220
U00191,B,Desktop,1,7900,220
U00192,A,Desktop,0,0,220
U00193,A,Mobile,0,0,220
U00194,A,Desktop,0,0,220
U00195,B,Desktop,0,0,220
U00196,A,Mobile,0,0,220
U00197,B,Desktop,1,4900,220
U00198,A,Mobile,0,0,220
U00199,A,Mobile,0,0,220
U00200,B,Desktop,1,9900,220
U00201,A,Mobile,0,0,220
U00202,A,Desktop,0,0,220
U00203,A,Mobile,0,0,220
U00204,B,Mobile,0,0,220
U00205,A,Desktop,0,0,220
U00206,A,Desktop,0,0,220
U00207,B,Mobile,0,0,220
U00208,A,Mobile,0,0,220
U00209,A,Desktop,0,0,220
U00210,A,Desktop,0,0,220
U00211,A,Mobile,0,0,220
U00212,A,Desktop,0,0,220
U00213,B,Mobile,1,7900,220
U00214,B,Desktop,0,0,220
U00215,A,Mobile,0,0,220
U00216,B,Mobile,1,7900,220
U00217,B,Desktop,0,0,220
U00218,B,Desktop,0,0,220
U00219,B,Mobile,0,0,220
U00220,B,Mobile,0,0,220
U00221,A,Desktop,0,0,220
U00222,B,Mobile,1,9900,220
U00223,B,Desktop,1,9900,220
U00224,B,Desktop,0,0,220
U00225,A,Mobile,0,0,220
U00226,B,Desktop,0,0,220
U00227,B,Desktop,1,7900,220
U00228,B,Desktop,0,0,220
U00229,B,Desktop,0,0,220
U00230,A,Desktop,0,0,220
U00231,B,Desktop,0,0,220
U00232,B,Mobile,0,0,220
U00233,A,Desktop,0,0,220
U00234,A,Desktop,1,7900,220
U00235,A,Mobile,0,0,220
U00236,A,Desktop,0,0,220
U00237,A,Desktop,0,0,220
U00238,B,Desktop,0,0,220
U00239,B,Desktop,0,0,220
U00240,A,Desktop,0,0,220
U00241,B,Desktop,0,0,220
U00242,B,Mobile,0,0,220
U00243,A,Mobile,0,0,220
U00244,A,Desktop,0,0,220
U00245,A,Desktop,1,4900,220
U00246,A,Desktop,0,0,220
U00247,B,Desktop,0,0,220
U00248,A,Mobile,0,0,220
U00249,A,Mobile,0,0,220
U00250,A,Desktop,0,0,220
U00251,B,Mobile,1,7900,220
U00252,B,Desktop,0,0,220
U00253,B,Mobile,0,0,220
U00254,B,Mobile,0,0,220
U00255,B,Mobile,0,0,220
U00256,B,Mobile,1,4900,220
U00257,A,Desktop,0,0,220
U00258,B,Mobile,0,0,220
U00259,A,Mobile,0,0,220
U00260,A,Desktop,0,0,220
U00261,B,Mobile,0,0,220
U00262,B,Mobile,0,0,220
U00263,A,Desktop,0,0,220
U00264,B,Mobile,0,0,220
U00265,A,Mobile,0,0,220
U00266,B,Desktop,0,0,220
U00267,A,Mobile,0,0,220
U00268,B,Mobile,0,0,220
U00269,A,Mobile,0,0,220
U00270,A,Desktop,0,0,220
U00271,B,Desktop,0,0,220
U00272,B,Mobile,0,0,220
U00273,A,Desktop,0,0,220
U00274,A,Mobile,0,0,220
U00275,B,Desktop,0,0,220
U00276,B,Desktop,0,0,220
U00277,A,Mobile,1,7900,220
U00278,A,Mobile,0,0,220
U00279,A,Desktop,0,0,220
U00280,B,Desktop,0,0,220
U00281,B,Mobile,0,0,220
U00282,B,Mobile,0,0,220
U00283,B,Mobile,0,0,220
U00284,B,Mobile,0,0,220
U00285,A,Desktop,1,7900,220
U00286,A,Desktop,0,0,220
U00287,B,Mobile,1,4900,220
U00288,A,Mobile,0,0,220
U00289,B,Mobile,0,0,220
U00290,B,Desktop,0,0,220
U00291,B,Mobile,0,0,220
U00292,A,Desktop,0,0,220
U00293,A,Mobile,0,0,220
U00294,A,Mobile,0,0,220
U00295,A,Mobile,0,0,220
U00296,B,Mobile,0,0,220
U00297,B,Desktop,0,0,220
U00298,B,Desktop,0,0,220
U00299,A,Desktop,0,0,220
U00300,A,Desktop,0,0,220
U00301,B,Mobile,0,0,220
U00302,B,Mobile,0,0,220
U00303,B,Desktop,0,0,220
U00304,B,Mobile,0,0,220
U00305,B,Mobile,0,0,220
U00306,A,Mobile,0,0,220
U00307,A,Mobile,0,0,220
U00308,B,Desktop,0,0,220
U00309,B,Desktop,1,9900,220
U00310,A,Desktop,0,0,220
U00311,B,Mobile,0,0,220
U00312,A,Desktop,0,0,220
U00313,B,Desktop,0,0,220
U00314,B,Desktop,0,0,220
U00315,B,Desktop,0,0,220
U00316,A,Desktop,0,0,220
U00317,A,Desktop,0,0,220
U00318,A,Desktop,0,0,220
U00319,B,Desktop,0,0,220
U00320,B,Mobile,0,0,220
U00321,B,Mobile,0,0,220
U00322,A,Mobile,0,0,220
U00323,B,Desktop,0,0,220
U00324,B,Desktop,0,0,220
U00325,A,Mobile,0,0,220
U00326,A,Desktop,0,0,220
U00327,B,Desktop,0,0,220
U00328,A,Mobile,0,0,220
U00329,A,Desktop,0,0,220
U00330,A,Desktop,1,7900,220
U00331,B,Desktop,0,0,220
U00332,B,Mobile,0,0,220
U00333,B,Desktop,1,9900,220
U00334,B,Desktop,0,0,220
U00335,A,Mobile,0,0,220
U00336,A,Mobile,0,0,220
U00337,A,Desktop,0,0,220
U00338,A,Mobile,0,0,220
U00339,B,Desktop,0,0,220
U00340,A,Desktop,0,0,220
U00341,A,Desktop,0,0,220
U00342,B,Mobile,0,0,220
U00343,B,Mobile,1,9900,220
U00344,A,Mobile,0,0,220
U00345,B,Mobile,0,0,220
U00346,B,Desktop,0,0,220
U00347,A,Mobile,0,0,220
U00348,A,Desktop,1,7900,220
U00349,A,Desktop,0,0,220
U00350,B,Desktop,0,0,220
U00351,B,Mobile,0,0,220
U00352,B,Mobile,0,0,220
U00353,B,Desktop,0,0,220
U00354,B,Mobile,0,0,220
U00355,B,Desktop,0,0,220
U00356,A,Desktop,0,0,220
U00357,B,Mobile,0,0,220
U00358,B,Mobile,0,0,220
U00359,A,Mobile,1,7900,220
U00360,B,Mobile,0,0,220
U00361,A,Mobile,0,0,220
U00362,A,Desktop,0,0,220
U00363,B,Desktop,1,7900,220
U00364,A,Desktop,0,0,220
U00365,A,Mobile,0,0,220
U00366,B,Desktop,0,0,220
U00367,B,Mobile,0,0,220
U00368,B,Mobile,0,0,220
U00369,B,Desktop,0,0,220
U00370,A,Mobile,0,0,220
U00371,A,Mobile,0,0,220
U00372,B,Desktop,0,0,220
U00373,B,Mobile,0,0,220
U00374,B,Mobile,0,0,220
U00375,B,Desktop,0,0,220
U00376,B,Desktop,1,9900,220
U00377,B,Mobile,0,0,220
U00378,A,Mobile,0,0,220
U00379,B,Desktop,0,0,220
U00380,A,Desktop,0,0,220
U00381,B,Desktop,0,0,220
U00382,A,Mobile,0,0,220
U00383,A,Mobile,1,4900,220
U00384,A,Mobile,0,0,220
U00385,A,Desktop,1,9900,220
U00386,A,Mobile,0,0,220
U00387,B,Desktop,1,4900,220
U00388,B,Mobile,0,0,220
U00389,B,Desktop,0,0,220
U00390,A,Mobile,0,0,220
U00391,A,Mobile,1,9900,220
U00392,A,Mobile,0,0,220
U00393,B,Desktop,0,0,220
U00394,A,Mobile,0,0,220
U00395,B,Mobile,0,0,220
U00396,B,Mobile,0,0,220
U00397,B,Desktop,0,0,220
U00398,A,Mobile,1,7900,220
U00399,B,Desktop,0,0,220
U00400,A,Desktop,0,0,220
U00401,B,Desktop,0,0,220
U00402,A,Desktop,1,4900,220
U00403,A,Mobile,0,0,220
U00404,A,Desktop,1,4900,220
U00405,B,Desktop,0,0,220
U00406,A,Desktop,0,0,220
U00407,B,Mobile,0,0,220
U00408,B,Mobile,0,0,220
U00409,B,Desktop,1,4900,220
U00410,A,Mobile,0,0,220
U00411,A,Mobile,0,0,220
U00412,B,Mobile,0,0,220
U00413,B,Mobile,1,7900,220
U00414,A,Mobile,0,0,220
U00415,B,Desktop,1,9900,220
U00416,A,Desktop,0,0,220
U00417,A,Mobile,0,0,220
U00418,B,Desktop,1,4900,220
U00419,B,Desktop,0,0,220
U00420,A,Mobile,0,0,220
U00421,A,Mobile,0,0,220
U00422,B,Desktop,0,0,220
U00423,A,Desktop,0,0,220
U00424,A,Desktop,0,0,220
U00425,A,Mobile,0,0,220
U00426,B,Mobile,0,0,220
U00427,A,Desktop,1,4900,220
U00428,A,Mobile,0,0,220
U00429,B,Desktop,1,4900,220
U00430,B,Desktop,0,0,220
U00431,A,Mobile,1,7900,220
U00432,A,Desktop,0,0,220
U00433,A,Mobile,0,0,220
U00434,A,Mobile,0,0,220
U00435,A,Desktop,0,0,220
U00436,A,Desktop,0,0,220
U00437,A,Mobile,0,0,220
U00438,A,Desktop,0,0,220
U00439,B,Mobile,1,9900,220
U00440,B,Desktop,0,0,220
U00441,A,Mobile,0,0,220
U00442,A,Mobile,0,0,220
U00443,A,Desktop,0,0,220
U00444,A,Mobile,0,0,220
U00445,A,Desktop,0,0,220
U00446,A,Desktop,0,0,220
U00447,A,Desktop,0,0,220
U00448,B,Mobile,0,0,220
U00449,A,Desktop,1,9900,220
U00450,B,Mobile,0,0,220
U00451,B,Mobile,0,0,220
U00452,B,Desktop,0,0,220
U00453,A,Mobile,0,0,220
U00454,B,Mobile,0,0,220
U00455,A,Mobile,1,7900,220
U00456,A,Mobile,0,0,220
U00457,A,Desktop,0,0,220
U00458,B,Mobile,0,0,220
U00459,A,Desktop,0,0,220
U00460,A,Mobile,1,7900,220
U00461,B,Mobile,0,0,220
U00462,B,Desktop,1,9900,220
U00463,A,Desktop,0,0,220
U00464,A,Mobile,0,0,220
U00465,B,Desktop,1,4900,220
U00466,B,Mobile,0,0,220
U00467,B,Mobile,0,0,220
U00468,B,Desktop,0,0,220
U00469,B,Mobile,0,0,220
U00470,B,Mobile,1,7900,220
U00471,A,Mobile,0,0,220
U00472,B,Desktop,0,0,220
U00473,A,Mobile,0,0,220
U00474,A,Desktop,0,0,220
U00475,B,Desktop,0,0,220
U00476,B,Mobile,0,0,220
U00477,B,Mobile,0,0,220
U00478,A,Mobile,0,0,220
U00479,B,Desktop,0,0,220
U00480,B,Mobile,0,0,220
U00481,B,Mobile,0,0,220
U00482,A,Mobile,0,0,220
U00483,B,Desktop,0,0,220
U00484,B,Mobile,0,0,220
U00485,A,Mobile,0,0,220
U00486,A,Mobile,0,0,220
U00487,B,Desktop,0,0,220
U00488,B,Mobile,0,0,220
U00489,B,Desktop,0,0,220
U00490,B,Desktop,0,0,220
U00491,A,Mobile,0,0,220
U00492,A,Desktop,0,0,220
U00493,A,Desktop,0,0,220
U00494,B,Mobile,0,0,220
U00495,B,Mobile,0,0,220
U00496,B,Desktop,0,0,220
U00497,B,Mobile,0,0,220
U00498,A,Mobile,0,0,220
U00499,B,Mobile,0,0,220
U00500,B,Desktop,0,0,220
U00501,A,Desktop,0,0,220
U00502,B,Desktop,0,0,220
U00503,B,Desktop,0,0,220
U00504,A,Mobile,0,0,220
U00505,A,Desktop,0,0,220
U00506,A,Mobile,0,0,220
U00507,A,Desktop,0,0,220
U00508,A,Mobile,1,4900,220
U00509,B,Mobile,0,0,220
U00510,A,Mobile,0,0,220
U00511,A,Desktop,0,0,220
U00512,B,Mobile,0,0,220
U00513,B,Desktop,0,0,220
U00514,A,Desktop,0,0,220
U00515,B,Mobile,0,0,220
U00516,B,Desktop,1,9900,220
U00517,B,Desktop,0,0,220
U00518,B,Desktop,0,0,220
U00519,A,Mobile,1,9900,220
U00520,A,Mobile,0,0,220
U00521,B,Mobile,0,0,220
U00522,B,Desktop,0,0,220
U00523,B,Mobile,0,0,220
U00524,B,Mobile,1,7900,220
U00525,A,Desktop,0,0,220
U00526,A,Mobile,0,0,220
U00527,B,Desktop,0,0,220
U00528,A,Desktop,0,0,220
U00529,A,Desktop,1,9900,220
U00530,A,Mobile,0,0,220
U00531,A,Mobile,0,0,220
U00532,B,Desktop,0,0,220
U00533,A,Desktop,0,0,220
U00534,A,Mobile,1,4900,220
U00535,B,Desktop,0,0,220
U00536,A,Mobile,0,0,220
U00537,A,Desktop,0,0,220
U00538,A,Desktop,0,0,220
U00539,A,Desktop,0,0,220
U00540,A,Desktop,0,0,220
U00541,B,Mobile,0,0,220
U00542,A,Desktop,0,0,220
U00543,B,Mobile,0,0,220
U00544,A,Mobile,1,4900,220
U00545,A,Mobile,0,0,220
U00546,B,Mobile,0,0,220
U00547,B,Mobile,1,9900,220
U00548,A,Desktop,0,0,220
U00549,A,Mobile,0,0,220
U00550,B,Desktop,1,7900,220
U00551,B,Mobile,0,0,220
U00552,A,Mobile,0,0,220
U00553,B,Desktop,0,0,220
U00554,A,Mobile,0,0,220
U00555,B,Mobile,0,0,220
U00556,B,Desktop,1,9900,220
U00557,B,Desktop,0,0,220
U00558,B,Mobile,0,0,220
U00559,A,Desktop,0,0,220
U00560,B,Mobile,1,9900,220
U00561,A,Mobile,0,0,220
U00562,A,Desktop,0,0,220
U00563,A,Desktop,0,0,220
U00564,B,Mobile,0,0,220
U00565,A,Mobile,0,0,220
U00566,A,Desktop,0,0,220
U00567,B,Mobile,0,0,220
U00568,B,Desktop,1,7900,220
U00569,B,Desktop,0,0,220
U00570,A,Desktop,0,0,220
U00571,A,Mobile,0,0,220
U00572,A,Mobile,0,0,220
U00573,B,Desktop,0,0,220
U00574,A,Desktop,0,0,220
U00575,A,Desktop,0,0,220
U00576,A,Mobile,0,0,220
U00577,B,Mobile,0,0,220
U00578,A,Mobile,0,0,220
U00579,A,Desktop,0,0,220
U00580,B,Mobile,1,7900,220
U00581,A,Desktop,0,0,220
U00582,B,Desktop,0,0,220
U00583,A,Desktop,0,0,220
U00584,B,Desktop,0,0,220
U00585,A,Mobile,0,0,220
U00586,B,Desktop,0,0,220
U00587,A,Mobile,0,0,220
U00588,A,Desktop,0,0,220
U00589,A,Mobile,0,0,220
U00590,A,Mobile,0,0,220
U00591,A,Desktop,1,4900,220
U00592,A,Mobile,1,9900,220
U00593,A,Desktop,0,0,220
U00594,B,Desktop,1,9900,220
U00595,A,Mobile,1,7900,220
U00596,A,Mobile,0,0,220
U00597,B,Desktop,0,0,220
U00598,A,Desktop,1,9900,220
U00599,A,Mobile,0,0,220
U00600,A,Desktop,0,0,220
U00601,A,Desktop,1,7900,220
U00602,A,Desktop,0,0,220
U00603,A,Desktop,0,0,220
U00604,B,Mobile,0,0,220
U00605,B,Desktop,0,0,220
U00606,B,Desktop,0,0,220
U00607,A,Mobile,0,0,220
U00608,A,Mobile,0,0,220
U00609,A,Desktop,0,0,220
U00610,B,Desktop,0,0,220
U00611,B,Mobile,0,0,220
U00612,B,Mobile,0,0,220
U00613,B,Mobile,0,0,220
U00614,B,Mobile,0,0,220
U00615,A,Mobile,0,0,220
U00616,B,Mobile,1,7900,220
U00617,B,Desktop,0,0,220
U00618,A,Mobile,0,0,220
U00619,A,Desktop,0,0,220
U00620,A,Desktop,0,0,220
U00621,B,Mobile,1,7900,220
U00622,A,Mobile,0,0,220
U00623,A,Mobile,0,0,220
U00624,A,Desktop,0,0,220
U00625,A,Mobile,0,0,220
U00626,B,Desktop,0,0,220
U00627,B,Desktop,0,0,220
U00628,A,Mobile,0,0,220
U00629,A,Mobile,0,0,220
U00630,B,Mobile,0,0,220
U00631,B,Desktop,0,0,220
U00632,B,Mobile,0,0,220
U00633,B,Desktop,0,0,220
U00634,A,Mobile,0,0,220
U00635,B,Desktop,1,7900,220
U00636,A,Desktop,0,0,220
U00637,B,Mobile,0,0,220
U00638,B,Desktop,0,0,220
U00639,B,Mobile,0,0,220
U00640,B,Desktop,0,0,220
U00641,B,Mobile,0,0,220
U00642,A,Desktop,0,0,220
U00643,B,Desktop,0,0,220
U00644,A,Desktop,0,0,220
U00645,A,Mobile,0,0,220
U00646,A,Desktop,0,0,220
U00647,B,Desktop,1,7900,220
U00648,B,Desktop,0,0,220
U00649,A,Mobile,1,7900,220
U00650,A,Mobile,0,0,220
U00651,A,Mobile,0,0,220
U00652,A,Mobile,0,0,220
U00653,A,Mobile,0,0,220
U00654,B,Desktop,0,0,220
U00655,A,Mobile,0,0,220
U00656,A,Desktop,0,0,220
U00657,A,Desktop,0,0,220
U00658,A,Mobile,1,9900,220
U00659,B,Mobile,0,0,220
U00660,B,Desktop,0,0,220
U00661,A,Desktop,0,0,220
U00662,A,Mobile,0,0,220
U00663,A,Mobile,1,9900,220
U00664,A,Mobile,0,0,220
U00665,B,Mobile,0,0,220
U00666,B,Mobile,1,4900,220
U00667,B,Mobile,0,0,220
U00668,A,Desktop,0,0,220
U00669,B,Desktop,0,0,220
U00670,A,Desktop,0,0,220
U00671,B,Mobile,0,0,220
U00672,B,Mobile,0,0,220
U00673,A,Mobile,0,0,220
U00674,B,Desktop,1,4900,220
U00675,A,Mobile,0,0,220
U00676,A,Desktop,0,0,220
U00677,A,Mobile,0,0,220
U00678,A,Desktop,0,0,220
U00679,B,Desktop,0,0,220
U00680,A,Desktop,0,0,220
U00681,B,Mobile,1,7900,220
U00682,A,Mobile,0,0,220
U00683,A,Mobile,0,0,220
U00684,A,Mobile,0,0,220
U00685,A,Mobile,0,0,220
U00686,B,Mobile,0,0,220
U00687,B,Mobile,0,0,220
U00688,B,Mobile,0,0,220
U00689,A,Desktop,0,0,220
U00690,B,Mobile,0,0,220
U00691,B,Desktop,0,0,220
U00692,B,Desktop,0,0,220
U00693,B,Mobile,1,9900,220
U00694,B,Mobile,0,0,220
U00695,A,Mobile,0,0,220
U00696,B,Mobile,0,0,220
U00697,A,Mobile,0,0,220
U00698,B,Desktop,0,0,220
U00699,B,Desktop,0,0,220
U00700,B,Mobile,0,0,220
U00701,A,Mobile,0,0,220
U00702,B,Desktop,0,0,220
U00703,A,Mobile,0,0,220
U00704,A,Desktop,0,0,220
U00705,A,Desktop,0,0,220
U00706,A,Mobile,0,0,220
U00707,A,Desktop,0,0,220
U00708,B,Desktop,0,0,220
U00709,A,Desktop,0,0,220
U00710,B,Desktop,0,0,220
U00711,B,Mobile,0,0,220
U00712,A,Mobile,1,7900,220
U00713,A,Desktop,0,0,220
U00714,B,Desktop,0,0,220
U00715,B,Desktop,1,9900,220
U00716,B,Mobile,0,0,220
U00717,B,Mobile,0,0,220
U00718,B,Mobile,0,0,220
U00719,B,Desktop,1,4900,220
U00720,A,Desktop,0,0,220
U00721,A,Desktop,0,0,220
U00722,B,Desktop,0,0,220
U00723,A,Mobile,0,0,220
U00724,A,Mobile,0,0,220
U00725,A,Mobile,0,0,220
U00726,A,Desktop,0,0,220
U00727,A,Mobile,0,0,220
U00728,A,Mobile,0,0,220
U00729,B,Mobile,0,0,220
U00730,A,Mobile,1,4900,220
U00731,B,Mobile,0,0,220
U00732,A,Mobile,0,0,220
U00733,B,Desktop,0,0,220
U00734,A,Desktop,1,7900,220
U00735,A,Desktop,0,0,220
U00736,B,Mobile,0,0,220
U00737,A,Mobile,0,0,220
U00738,B,Desktop,0,0,220
U00739,B,Desktop,0,0,220
U00740,A,Desktop,0,0,220
U00741,B,Desktop,0,0,220
U00742,A,Mobile,0,0,220
U00743,B,Mobile,0,0,220
U00744,A,Desktop,0,0,220
U00745,B,Mobile,0,0,220
U00746,A,Desktop,0,0,220
U00747,B,Mobile,0,0,220
U00748,B,Desktop,0,0,220
U00749,B,Desktop,0,0,220
U00750,B,Desktop,0,0,220
U00751,A,Desktop,0,0,220
U00752,B,Desktop,0,0,220
U00753,B,Desktop,0,0,220
U00754,A,Mobile,0,0,220
U00755,A,Mobile,0,0,220
U00756,B,Desktop,1,4900,220
U00757,A,Desktop,0,0,220
U00758,A,Desktop,0,0,220
U00759,B,Mobile,0,0,220
U00760,B,Mobile,0,0,220
U00761,B,Mobile,0,0,220
U00762,A,Mobile,0,0,220
U00763,A,Mobile,1,4900,220
U00764,A,Desktop,0,0,220
U00765,B,Mobile,0,0,220
U00766,B,Mobile,0,0,220
U00767,B,Desktop,0,0,220
U00768,A,Desktop,0,0,220
U00769,A,Mobile,0,0,220
U00770,A,Mobile,0,0,220
U00771,A,Mobile,0,0,220
U00772,B,Mobile,0,0,220
U00773,A,Desktop,0,0,220
U00774,A,Desktop,0,0,220
U00775,A,Mobile,0,0,220
U00776,A,Desktop,0,0,220
U00777,A,Desktop,0,0,220
U00778,B,Desktop,1,7900,220
U00779,B,Desktop,0,0,220
U00780,A,Desktop,0,0,220
U00781,B,Mobile,0,0,220
U00782,A,Mobile,1,9900,220
U00783,A,Mobile,0,0,220
U00784,A,Desktop,0,0,220
U00785,B,Desktop,0,0,220
U00786,B,Mobile,0,0,220
U00787,B,Desktop,0,0,220
U00788,A,Desktop,0,0,220
U00789,B,Mobile,0,0,220
U00790,A,Mobile,1,9900,220
U00791,B,Mobile,0,0,220
U00792,B,Mobile,0,0,220
U00793,B,Mobile,1,7900,220
U00794,A,Desktop,0,0,220
U00795,B,Desktop,1,7900,220
U00796,B,Mobile,0,0,220
U00797,A,Desktop,0,0,220
U00798,B,Mobile,0,0,220
U00799,A,Desktop,0,0,220
U00800,A,Mobile,1,7900,220
U00801,A,Mobile,0,0,220
U00802,B,Mobile,0,0,220
U00803,A,Mobile,0,0,220
U00804,A,Desktop,0,0,220
U00805,A,Mobile,0,0,220
U00806,B,Desktop,0,0,220
U00807,A,Desktop,0,0,220
U00808,B,Mobile,0,0,220
U00809,A,Mobile,0,0,220
U00810,A,Desktop,0,0,220
U00811,B,Desktop,0,0,220
U00812,A,Mobile,0,0,220
U00813,A,Desktop,0,0,220
U00814,B,Mobile,0,0,220
U00815,A,Desktop,1,4900,220
U00816,A,Mobile,0,0,220
U00817,A,Desktop,0,0,220
U00818,B,Desktop,0,0,220
U00819,B,Mobile,0,0,220
U00820,A,Desktop,0,0,220
U00821,B,Mobile,0,0,220
U00822,A,Mobile,0,0,220
U00823,A,Desktop,1,9900,220
U00824,B,Desktop,1,4900,220
U00825,B,Desktop,0,0,220
U00826,B,Mobile,0,0,220
U00827,B,Desktop,0,0,220
U00828,B,Mobile,0,0,220
U00829,B,Mobile,0,0,220
U00830,B,Desktop,1,7900,220
U00831,B,Mobile,0,0,220
U00832,B,Mobile,0,0,220
U00833,B,Mobile,0,0,220
U00834,A,Desktop,0,0,220
U00835,B,Mobile,0,0,220
U00836,A,Mobile,0,0,220
U00837,A,Mobile,0,0,220
U00838,B,Mobile,1,7900,220
U00839,A,Mobile,0,0,220
U00840,A,Mobile,0,0,220
U00841,A,Desktop,0,0,220
U00842,B,Mobile,0,0,220
U00843,A,Mobile,0,0,220
U00844,A,Mobile,0,0,220
U00845,B,Desktop,0,0,220
U00846,A,Mobile,0,0,220
U00847,B,Desktop,0,0,220
U00848,B,Mobile,0,0,220
U00849,B,Desktop,0,0,220
U00850,B,Mobile,0,0,220
U00851,B,Mobile,0,0,220
U00852,B,Mobile,0,0,220
U00853,A,Mobile,0,0,220
U00854,B,Desktop,0,0,220
U00855,A,Mobile,0,0,220
U00856,A,Desktop,0,0,220
U00857,B,Mobile,0,0,220
U00858,A,Mobile,0,0,220
U00859,A,Desktop,0,0,220
U00860,B,Desktop,1,9900,220
U00861,A,Mobile,0,0,220
U00862,A,Desktop,0,0,220
U00863,B,Desktop,0,0,220
U00864,A,Desktop,0,0,220
U00865,B,Mobile,0,0,220
U00866,B,Mobile,1,4900,220
U00867,B,Desktop,0,0,220
U00868,A,Desktop,0,0,220
U00869,A,Mobile,0,0,220
U00870,B,Mobile,0,0,220
U00871,A,Mobile,0,0,220
U00872,B,Desktop,1,4900,220
U00873,B,Mobile,0,0,220
U00874,B,Mobile,0,0,220
U00875,A,Desktop,0,0,220
U00876,B,Desktop,0,0,220
U00877,B,Mobile,0,0,220
U00878,B,Desktop,0,0,220
U00879,B,Mobile,0,0,220
U00880,A,Desktop,0,0,220
U00881,B,Desktop,0,0,220
U00882,B,Desktop,0,0,220
U00883,B,Mobile,0,0,220
U00884,B,Desktop,0,0,220
U00885,A,Mobile,0,0,220
U00886,B,Mobile,0,0,220
U00887,B,Desktop,0,0,220
U00888,B,Desktop,1,9900,220
U00889,B,Desktop,0,0,220
U00890,B,Desktop,0,0,220
U00891,A,Mobile,0,0,220
U00892,A,Desktop,0,0,220
U00893,B,Desktop,1,4900,220
U00894,B,Mobile,1,4900,220
U00895,A,Mobile,0,0,220
U00896,A,Mobile,0,0,220
U00897,B,Desktop,0,0,220
U00898,A,Mobile,0,0,220
U00899,B,Desktop,0,0,220
U00900,A,Mobile,0,0,220
U00901,B,Desktop,0,0,220
U00902,B,Mobile,0,0,220
U00903,B,Desktop,0,0,220
U00904,A,Desktop,0,0,220
U00905,B,Desktop,0,0,220
U00906,A,Desktop,0,0,220
U00907,A,Mobile,0,0,220
U00908,B,Desktop,0,0,220
U00909,A,Mobile,0,0,220
U00910,A,Desktop,0,0,220
U00911,B,Mobile,0,0,220
U00912,B,Mobile,0,0,220
U00913,B,Desktop,0,0,220
U00914,A,Mobile,0,0,220
U00915,B,Mobile,1,9900,220
U00916,B,Desktop,0,0,220
U00917,B,Mobile,0,0,220
U00918,A,Mobile,0,0,220
U00919,B,Mobile,0,0,220
U00920,A,Desktop,1,7900,220
U00921,A,Desktop,0,0,220
U00922,A,Mobile,1,7900,220
U00923,A,Mobile,0,0,220
U00924,B,Desktop,0,0,220
U00925,B,Desktop,0,0,220
U00926,A,Desktop,0,0,220
U00927,A,Mobile,0,0,220
U00928,A,Desktop,0,0,220
U00929,A,Desktop,1,4900,220
U00930,B,Mobile,0,0,220
U00931,A,Desktop,0,0,220
U00932,B,Desktop,0,0,220
U00933,A,Mobile,0,0,220
U00934,B,Desktop,0,0,220
U00935,A,Desktop,0,0,220
U00936,B,Desktop,0,0,220
U00937,A,Mobile,0,0,220
U00938,A,Desktop,0,0,220
U00939,A,Mobile,0,0,220
U00940,A,Mobile,0,0,220
U00941,B,Mobile,0,0,220
U00942,B,Desktop,0,0,220
U00943,B,Mobile,0,0,220
U00944,B,Desktop,0,0,220
U00945,B,Mobile,0,0,220
U00946,A,Desktop,0,0,220
U00947,B,Mobile,1,9900,220
U00948,B,Desktop,0,0,220
U00949,A,Desktop,0,0,220
U00950,A,Mobile,0,0,220
U00951,A,Desktop,0,0,220
U00952,B,Mobile,1,7900,220
U00953,B,Desktop,1,4900,220
U00954,A,Desktop,0,0,220
U00955,B,Desktop,0,0,220
U00956,A,Mobile,0,0,220
U00957,B,Desktop,1,7900,220
U00958,B,Mobile,0,0,220
U00959,B,Desktop,1,7900,220
U00960,B,Desktop,0,0,220
U00961,B,Mobile,0,0,220
U00962,B,Mobile,0,0,220
U00963,B,Mobile,0,0,220
U00964,A,Desktop,0,0,220
U00965,B,Mobile,0,0,220
U00966,B,Desktop,1,7900,220
U00967,A,Desktop,0,0,220
U00968,B,Mobile,0,0,220
U00969,B,Desktop,0,0,220
U00970,A,Desktop,0,0,220
U00971,B,Desktop,0,0,220
U00972,B,Desktop,0,0,220
U00973,B,Desktop,0,0,220
U00974,A,Desktop,0,0,220
U00975,A,Mobile,0,0,220
U00976,A,Desktop,1,7900,220
U00977,B,Mobile,0,0,220
U00978,B,Mobile,0,0,220
U00979,A,Mobile,1,4900,220
U00980,A,Desktop,1,4900,220
U00981,B,Desktop,1,9900,220
U00982,B,Desktop,0,0,220
U00983,A,Desktop,0,0,220
U00984,A,Desktop,0,0,220
U00985,B,Desktop,0,0,220
U00986,B,Mobile,0,0,220
U00987,A,Desktop,0,0,220
U00988,A,Mobile,0,0,220
U00989,A,Desktop,0,0,220
U00990,A,Mobile,0,0,220
U00991,B,Desktop,0,0,220
U00992,B,Desktop,0,0,220
U00993,A,Desktop,0,0,220
U00994,A,Desktop,1,9900,220
U00995,B,Desktop,0,0,220
U00996,B,Mobile,0,0,220
U00997,B,Desktop,1,7900,220
U00998,B,Mobile,0,0,220
U00999,A,Desktop,0,0,220
U01000,A,Desktop,0,0,220
U01001,B,Mobile,0,0,220
U01002,B,Desktop,0,0,220
U01003,B,Mobile,1,9900,220
U01004,B,Mobile,0,0,220
U01005,A,Mobile,0,0,220
U01006,B,Desktop,0,0,220
U01007,A,Mobile,0,0,220
U01008,B,Desktop,0,0,220
U01009,B,Mobile,0,0,220
U01010,A,Mobile,0,0,220
U01011,B,Desktop,0,0,220
U01012,A,Mobile,0,0,220
U01013,B,Desktop,0,0,220
U01014,B,Mobile,1,7900,220
U01015,B,Desktop,0,0,220
U01016,B,Desktop,1,7900,220
U01017,B,Mobile,0,0,220
U01018,B,Mobile,0,0,220
U01019,A,Desktop,1,9900,220
U01020,B,Mobile,0,0,220
U01021,B,Desktop,0,0,220
U01022,B,Desktop,0,0,220
U01023,B,Mobile,0,0,220
U01024,A,Desktop,0,0,220
U01025,A,Desktop,0,0,220
U01026,B,Mobile,0,0,220
U01027,A,Mobile,0,0,220
U01028,B,Mobile,0,0,220
U01029,A,Desktop,0,0,220
U01030,A,Desktop,0,0,220
U01031,B,Mobile,0,0,220
U01032,A,Mobile,0,0,220
U01033,A,Mobile,0,0,220
U01034,A,Mobile,0,0,220
U01035,B,Mobile,0,0,220
U01036,A,Mobile,0,0,220
U01037,A,Mobile,1,7900,220
U01038,A,Desktop,0,0,220
U01039,B,Desktop,0,0,220
U01040,B,Desktop,0,0,220
U01041,A,Desktop,0,0,220
U01042,B,Desktop,0,0,220
U01043,B,Mobile,0,0,220
U01044,B,Mobile,0,0,220
U01045,A,Desktop,1,4900,220
U01046,A,Desktop,1,9900,220
U01047,A,Desktop,0,0,220
U01048,B,Mobile,0,0,220
U01049,A,Mobile,0,0,220
U01050,B,Mobile,1,4900,220
U01051,B,Desktop,0,0,220
U01052,B,Desktop,0,0,220
U01053,B,Desktop,0,0,220
U01054,B,Mobile,0,0,220
U01055,A,Desktop,1,4900,220
U01056,B,Mobile,0,0,220
U01057,B,Desktop,0,0,220
U01058,B,Desktop,0,0,220
U01059,A,Desktop,0,0,220
U01060,B,Desktop,0,0,220
U01061,A,Desktop,0,0,220
U01062,A,Desktop,0,0,220
U01063,A,Desktop,0,0,220
U01064,A,Mobile,0,0,220
U01065,A,Mobile,0,0,220
U01066,A,Desktop,0,0,220
U01067,B,Mobile,0,0,220
U01068,A,Desktop,0,0,220
U01069,B,Desktop,0,0,220
U01070,B,Mobile,0,0,220
U01071,B,Mobile,0,0,220
U01072,A,Desktop,0,0,220
U01073,B,Desktop,0,0,220
U01074,B,Mobile,0,0,220
U01075,A,Mobile,0,0,220
U01076,B,Mobile,0,0,220
U01077,A,Mobile,0,0,220
U01078,B,Mobile,0,0,220
U01079,A,Desktop,0,0,220
U01080,B,Mobile,0,0,220
U01081,B,Mobile,0,0,220
U01082,B,Mobile,0,0,220
U01083,B,Mobile,0,0,220
U01084,B,Desktop,0,0,220
U01085,B,Mobile,1,4900,220
U01086,A,Mobile,0,0,220
U01087,B,Desktop,0,0,220
U01088,A,Mobile,0,0,220
U01089,A,Mobile,0,0,220
U01090,B,Desktop,0,0,220
U01091,A,Desktop,0,0,220
U01092,B,Desktop,0,0,220
U01093,A,Mobile,0,0,220
U01094,B,Mobile,0,0,220
U01095,B,Desktop,0,0,220
U01096,B,Desktop,0,0,220
U01097,A,Desktop,0,0,220
U01098,A,Mobile,1,7900,220
U01099,B,Desktop,0,0,220
U01100,B,Mobile,0,0,220
U01101,B,Mobile,0,0,220
U01102,A,Mobile,0,0,220
U01103,A,Mobile,0,0,220
U01104,A,Mobile,0,0,220
U01105,A,Desktop,1,7900,220
U01106,B,Desktop,0,0,220
U01107,B,Mobile,0,0,220
U01108,B,Mobile,1,7900,220
U01109,A,Desktop,0,0,220
U01110,B,Desktop,1,7900,220
U01111,B,Mobile,0,0,220
U01112,A,Mobile,0,0,220
U01113,B,Desktop,0,0,220
U01114,B,Desktop,1,9900,220
U01115,B,Desktop,0,0,220
U01116,B,Mobile,1,4900,220
U01117,A,Desktop,0,0,220
U01118,B,Mobile,0,0,220
U01119,A,Desktop,0,0,220
U01120,A,Desktop,0,0,220
U01121,B,Mobile,1,7900,220
U01122,B,Mobile,0,0,220
U01123,B,Desktop,0,0,220
U01124,B,Desktop,0,0,220
U01125,A,Desktop,0,0,220
U01126,A,Desktop,0,0,220
U01127,B,Desktop,0,0,220
U01128,B,Mobile,0,0,220
U01129,B,Desktop,1,9900,220
U01130,A,Mobile,0,0,220
U01131,B,Desktop,1,9900,220
U01132,B,Desktop,0,0,220
U01133,A,Mobile,0,0,220
U01134,B,Desktop,1,7900,220
U01135,B,Desktop,0,0,220
U01136,B,Mobile,0,0,220
U01137,B,Desktop,1,4900,220
U01138,B,Mobile,0,0,220
U01139,A,Desktop,0,0,220
U01140,B,Mobile,0,0,220
U01141,A,Mobile,0,0,220
U01142,A,Mobile,0,0,220
U01143,A,Mobile,0,0,220
U01144,A,Mobile,0,0,220
U01145,B,Desktop,0,0,220
U01146,B,Desktop,0,0,220
U01147,B,Desktop,1,9900,220
U01148,B,Desktop,1,4900,220
U01149,B,Mobile,0,0,220
U01150,B,Desktop,0,0,220
U01151,A,Desktop,1,7900,220
U01152,B,Mobile,0,0,220
U01153,B,Mobile,0,0,220
U01154,B,Mobile,0,0,220
U01155,B,Desktop,0,0,220
U01156,A,Desktop,0,0,220
U01157,B,Desktop,0,0,220
U01158,B,Mobile,1,7900,220
U01159,A,Desktop,0,0,220
U01160,B,Desktop,0,0,220
U01161,B,Mobile,1,9900,220
U01162,B,Mobile,0,0,220
U01163,B,Desktop,1,7900,220
U01164,A,Mobile,1,9900,220
U01165,B,Mobile,0,0,220
U01166,A,Mobile,0,0,220
U01167,B,Desktop,0,0,220
U01168,A,Mobile,0,0,220
U01169,B,Mobile,1,9900,220
U01170,A,Mobile,0,0,220
U01171,B,Desktop,0,0,220
U01172,B,Mobile,1,9900,220
U01173,A,Mobile,1,9900,220
U01174,A,Mobile,0,0,220
U01175,A,Desktop,1,4900,220
U01176,A,Mobile,1,9900,220
U01177,A,Mobile,0,0,220
U01178,B,Desktop,0,0,220
U01179,A,Mobile,0,0,220
U01180,A,Mobile,0,0,220
U01181,A,Mobile,1,4900,220
U01182,A,Desktop,0,0,220
U01183,A,Desktop,0,0,220
U01184,A,Mobile,0,0,220
U01185,B,Desktop,1,4900,220
U01186,A,Desktop,0,0,220
U01187,A,Mobile,0,0,220
U01188,B,Desktop,0,0,220
U01189,B,Desktop,0,0,220
U01190,B,Desktop,0,0,220
U01191,A,Desktop,0,0,220
U01192,B,Mobile,0,0,220
U01193,A,Desktop,1,4900,220
U01194,B,Mobile,0,0,220
U01195,A,Mobile,0,0,220
U01196,B,Desktop,0,0,220
U01197,B,Mobile,0,0,220
U01198,A,Mobile,0,0,220
U01199,A,Mobile,0,0,220
U01200,B,Mobile,1,7900,220
U01201,B,Desktop,0,0,220
U01202,A,Mobile,0,0,220
U01203,A,Mobile,0,0,220
U01204,A,Mobile,0,0,220
U01205,A,Mobile,0,0,220
U01206,A,Desktop,0,0,220
U01207,B,Desktop,0,0,220
U01208,B,Desktop,0,0,220
U01209,A,Desktop,0,0,220
U01210,B,Mobile,1,4900,220
U01211,B,Desktop,0,0,220
U01212,B,Desktop,0,0,220
U01213,B,Mobile,1,7900,220
U01214,A,Desktop,0,0,220
U01215,A,Mobile,0,0,220
U01216,A,Mobile,0,0,220
U01217,A,Desktop,1,7900,220
U01218,A,Desktop,1,4900,220
U01219,B,Desktop,0,0,220
U01220,A,Desktop,0,0,220
U01221,B,Desktop,0,0,220
U01222,B,Mobile,0,0,220
U01223,B,Desktop,0,0,220
U01224,B,Mobile,0,0,220
U01225,A,Mobile,0,0,220
U01226,B,Desktop,0,0,220
U01227,B,Desktop,1,7900,220
U01228,A,Mobile,0,0,220
U01229,B,Desktop,0,0,220
U01230,B,Mobile,0,0,220
U01231,A,Mobile,0,0,220
U01232,A,Mobile,0,0,220
U01233,A,Desktop,1,4900,220
U01234,B,Mobile,1,4900,220
U01235,A,Desktop,0,0,220
U01236,B,Desktop,0,0,220
U01237,B,Desktop,0,0,220
U01238,A,Mobile,0,0,220
U01239,A,Desktop,0,0,220
U01240,A,Mobile,0,0,220
U01241,B,Mobile,0,0,220
U01242,A,Mobile,0,0,220
U01243,A,Mobile,0,0,220
U01244,A,Mobile,0,0,220
U01245,A,Mobile,1,7900,220
U01246,B,Mobile,0,0,220
U01247,B,Desktop,0,0,220
U01248,A,Mobile,1,7900,220
U01249,A,Mobile,0,0,220
U01250,B,Mobile,1,9900,220
U01251,A,Mobile,0,0,220
U01252,A,Mobile,0,0,220
U01253,A,Desktop,1,9900,220
U01254,A,Mobile,0,0,220
U01255,A,Desktop,0,0,220
U01256,A,Desktop,0,0,220
U01257,A,Desktop,0,0,220
U01258,A,Mobile,0,0,220
U01259,B,Mobile,0,0,220
U01260,B,Mobile,0,0,220
U01261,B,Desktop,0,0,220
U01262,B,Desktop,1,9900,220
U01263,B,Desktop,0,0,220
U01264,B,Mobile,0,0,220
U01265,B,Desktop,0,0,220
U01266,B,Mobile,0,0,220
U01267,B,Desktop,0,0,220
U01268,B,Desktop,0,0,220
U01269,B,Desktop,0,0,220
U01270,A,Desktop,0,0,220
U01271,A,Mobile,0,0,220
U01272,A,Desktop,0,0,220
U01273,A,Desktop,0,0,220
U01274,A,Mobile,0,0,220
U01275,B,Desktop,1,7900,220
U01276,B,Mobile,1,7900,220
U01277,B,Mobile,0,0,220
U01278,B,Desktop,0,0,220
U01279,A,Desktop,0,0,220
U01280,B,Mobile,1,9900,220
U01281,B,Mobile,0,0,220
U01282,B,Desktop,0,0,220
U01283,A,Mobile,0,0,220
U01284,A,Desktop,0,0,220
U01285,A,Desktop,0,0,220
U01286,A,Desktop,0,0,220
U01287,A,Desktop,0,0,220
U01288,A,Mobile,0,0,220
U01289,A,Mobile,0,0,220
U01290,A,Desktop,0,0,220
U01291,B,Mobile,0,0,220
U01292,B,Mobile,0,0,220
U01293,A,Mobile,0,0,220
U01294,A,Desktop,0,0,220
U01295,A,Mobile,0,0,220
U01296,A,Desktop,0,0,220
U01297,B,Mobile,0,0,220
U01298,B,Mobile,1,9900,220
U01299,B,Mobile,0,0,220
U01300,A,Mobile,0,0,220
U01301,B,Mobile,1,4900,220
U01302,B,Mobile,0,0,220
U01303,B,Desktop,0,0,220
U01304,A,Mobile,0,0,220
U01305,A,Desktop,0,0,220
U01306,B,Desktop,1,4900,220
U01307,B,Desktop,0,0,220
U01308,A,Mobile,0,0,220
U01309,B,Desktop,0,0,220
U01310,A,Desktop,0,0,220
U01311,B,Desktop,0,0,220
U01312,A,Mobile,0,0,220
U01313,A,Desktop,0,0,220
U01314,A,Mobile,0,0,220
U01315,B,Desktop,0,0,220
U01316,A,Desktop,0,0,220
U01317,A,Desktop,0,0,220
U01318,A,Desktop,0,0,220
U01319,B,Desktop,0,0,220
U01320,A,Mobile,0,0,220
U01321,B,Desktop,0,0,220
U01322,B,Desktop,0,0,220
U01323,A,Desktop,0,0,220
U01324,A,Mobile,0,0,220
U01325,B,Desktop,0,0,220
U01326,B,Desktop,0,0,220
U01327,B,Mobile,0,0,220
U01328,B,Mobile,0,0,220
U01329,A,Mobile,0,0,220
U01330,A,Mobile,0,0,220
U01331,A,Desktop,0,0,220
U01332,B,Mobile,0,0,220
U01333,B,Mobile,0,0,220
U01334,A,Desktop,0,0,220
U01335,A,Mobile,0,0,220
U01336,B,Mobile,0,0,220
U01337,B,Desktop,0,0,220
U01338,A,Desktop,0,0,220
U01339,B,Desktop,0,0,220
U01340,B,Mobile,0,0,220
U01341,A,Desktop,0,0,220
U01342,A,Desktop,0,0,220
U01343,B,Mobile,0,0,220
U01344,B,Mobile,1,7900,220
U01345,B,Mobile,0,0,220
U01346,B,Desktop,0,0,220
U01347,B,Mobile,0,0,220
U01348,A,Desktop,0,0,220
U01349,A,Mobile,0,0,220
U01350,B,Mobile,0,0,220
U01351,A,Mobile,0,0,220
U01352,A,Mobile,0,0,220
U01353,A,Mobile,0,0,220
U01354,A,Mobile,1,7900,220
U01355,A,Mobile,0,0,220
U01356,A,Mobile,1,7900,220
U01357,A,Mobile,1,4900,220
U01358,A,Mobile,0,0,220
U01359,B,Desktop,1,9900,220
U01360,A,Mobile,0,0,220
U01361,A,Desktop,0,0,220
U01362,A,Desktop,0,0,220
U01363,B,Mobile,0,0,220
U01364,B,Mobile,0,0,220
U01365,B,Desktop,0,0,220
U01366,A,Mobile,0,0,220
U01367,B,Mobile,0,0,220
U01368,B,Mobile,1,4900,220
U01369,A,Desktop,0,0,220
U01370,B,Mobile,0,0,220
U01371,A,Desktop,0,0,220
U01372,A,Mobile,0,0,220
U01373,A,Desktop,0,0,220
U01374,B,Desktop,1,7900,220
U01375,B,Mobile,0,0,220
U01376,A,Desktop,0,0,220
U01377,A,Mobile,0,0,220
U01378,A,Desktop,0,0,220
U01379,B,Mobile,1,4900,220
U01380,A,Desktop,0,0,220
U01381,A,Mobile,0,0,220
U01382,B,Desktop,0,0,220
U01383,B,Desktop,0,0,220
U01384,B,Mobile,0,0,220
U01385,A,Desktop,1,9900,220
U01386,A,Mobile,0,0,220
U01387,B,Desktop,1,7900,220
U01388,B,Desktop,0,0,220
U01389,A,Desktop,0,0,220
U01390,A,Mobile,0,0,220
U01391,B,Desktop,0,0,220
U01392,B,Mobile,0,0,220
U01393,A,Desktop,0,0,220
U01394,B,Mobile,0,0,220
U01395,A,Desktop,0,0,220
U01396,B,Desktop,0,0,220
U01397,B,Mobile,0,0,220
U01398,A,Desktop,0,0,220
U01399,A,Desktop,0,0,220
U01400,B,Desktop,0,0,220
U01401,A,Mobile,0,0,220
U01402,A,Desktop,1,7900,220
U01403,A,Desktop,1,7900,220
U01404,B,Desktop,0,0,220
U01405,B,Desktop,0,0,220
U01406,B,Desktop,0,0,220
U01407,A,Mobile,0,0,220
U01408,B,Desktop,0,0,220
U01409,B,Mobile,0,0,220
U01410,A,Mobile,0,0,220
U01411,A,Desktop,0,0,220
U01412,B,Desktop,1,9900,220
U01413,B,Desktop,0,0,220
U01414,B,Mobile,0,0,220
U01415,B,Mobile,0,0,220
U01416,A,Desktop,0,0,220
U01417,A,Desktop,0,0,220
U01418,A,Mobile,1,9900,220
U01419,B,Desktop,1,7900,220
U01420,B,Mobile,0,0,220
U01421,A,Mobile,0,0,220
U01422,A,Desktop,0,0,220
U01423,A,Desktop,0,0,220
U01424,B,Mobile,0,0,220
U01425,A,Desktop,0,0,220
U01426,B,Mobile,0,0,220
U01427,A,Desktop,0,0,220
U01428,B,Mobile,0,0,220
U01429,B,Desktop,0,0,220
U01430,B,Mobile,0,0,220
U01431,A,Desktop,0,0,220
U01432,A,Mobile,0,0,220
U01433,B,Mobile,0,0,220
U01434,B,Desktop,0,0,220
U01435,A,Desktop,0,0,220
U01436,A,Desktop,0,0,220
U01437,A,Desktop,0,0,220
U01438,B,Desktop,0,0,220
U01439,A,Desktop,0,0,220
U01440,B,Desktop,0,0,220
U01441,B,Desktop,0,0,220
U01442,B,Desktop,0,0,220
U01443,A,Desktop,0,0,220
U01444,B,Mobile,0,0,220
U01445,A,Desktop,0,0,220
U01446,A,Mobile,0,0,220
U01447,B,Desktop,0,0,220
U01448,B,Mobile,0,0,220
U01449,B,Desktop,0,0,220
U01450,B,Desktop,0,0,220
U01451,B,Mobile,0,0,220
U01452,B,Mobile,1,4900,220
U01453,A,Desktop,0,0,220
U01454,B,Desktop,0,0,220
U01455,B,Desktop,0,0,220
U01456,B,Mobile,0,0,220
U01457,A,Mobile,0,0,220
U01458,A,Mobile,0,0,220
U01459,A,Mobile,0,0,220
U01460,B,Desktop,0,0,220
U01461,A,Mobile,0,0,220
U01462,A,Desktop,0,0,220
U01463,A,Desktop,0,0,220
U01464,B,Desktop,0,0,220
U01465,B,Mobile,0,0,220
U01466,A,Desktop,0,0,220
U01467,B,Mobile,0,0,220
U01468,B,Mobile,0,0,220
U01469,B,Mobile,0,0,220
U01470,A,Mobile,0,0,220
U01471,A,Desktop,0,0,220
U01472,A,Mobile,0,0,220
U01473,B,Mobile,0,0,220
U01474,A,Desktop,0,0,220
U01475,A,Desktop,0,0,220
U01476,A,Mobile,1,7900,220
U01477,A,Desktop,0,0,220
U01478,A,Mobile,1,9900,220
U01479,A,Desktop,0,0,220
U01480,A,Desktop,0,0,220
U01481,A,Desktop,0,0,220
U01482,B,Mobile,0,0,220
U01483,A,Mobile,0,0,220
U01484,A,Mobile,0,0,220
U01485,A,Mobile,0,0,220
U01486,A,Mobile,0,0,220
U01487,B,Desktop,0,0,220
U01488,A,Mobile,0,0,220
U01489,A,Desktop,0,0,220
U01490,A,Desktop,0,0,220
U01491,A,Mobile,0,0,220
U01492,A,Mobile,0,0,220
U01493,A,Mobile,0,0,220
U01494,A,Mobile,0,0,220
U01495,B,Desktop,0,0,220
U01496,A,Desktop,0,0,220
U01497,B,Mobile,0,0,220
U01498,B,Desktop,0,0,220
U01499,B,Desktop,0,0,220
U01500,A,Mobile,0,0,220
U01501,A,Mobile,1,9900,220
U01502,A,Desktop,0,0,220
U01503,B,Mobile,0,0,220
U01504,B,Desktop,0,0,220
U01505,B,Desktop,0,0,220
U01506,A,Desktop,0,0,220
U01507,B,Desktop,1,9900,220
U01508,A,Desktop,0,0,220
U01509,B,Mobile,0,0,220
U01510,A,Mobile,0,0,220
U01511,A,Desktop,0,0,220
U01512,A,Mobile,0,0,220
U01513,B,Desktop,0,0,220
U01514,A,Desktop,0,0,220
U01515,A,Mobile,0,0,220
U01516,A,Mobile,0,0,220
U01517,B,Mobile,0,0,220
U01518,B,Desktop,0,0,220
U01519,B,Desktop,0,0,220
U01520,A,Mobile,0,0,220
U01521,A,Mobile,0,0,220
U01522,A,Desktop,1,7900,220
U01523,A,Mobile,0,0,220
U01524,B,Desktop,0,0,220
U01525,B,Mobile,0,0,220
U01526,A,Mobile,0,0,220
U01527,A,Mobile,0,0,220
U01528,A,Mobile,0,0,220
U01529,B,Mobile,0,0,220
U01530,A,Desktop,0,0,220
U01531,B,Desktop,0,0,220
U01532,B,Mobile,0,0,220
U01533,A,Desktop,0,0,220
U01534,A,Desktop,0,0,220
U01535,B,Desktop,0,0,220
U01536,B,Mobile,0,0,220
U01537,A,Mobile,0,0,220
U01538,A,Desktop,0,0,220
U01539,B,Mobile,0,0,220
U01540,B,Desktop,1,4900,220
U01541,A,Desktop,0,0,220
U01542,A,Desktop,0,0,220
U01543,A,Desktop,0,0,220
U01544,A,Desktop,0,0,220
U01545,A,Desktop,0,0,220
U01546,B,Desktop,0,0,220
U01547,A,Mobile,0,0,220
U01548,B,Mobile,0,0,220
U01549,B,Mobile,0,0,220
U01550,A,Desktop,0,0,220
U01551,A,Desktop,0,0,220
U01552,A,Mobile,0,0,220
U01553,A,Mobile,0,0,220
U01554,B,Desktop,1,7900,220
U01555,B,Desktop,0,0,220
U01556,B,Mobile,0,0,220
U01557,A,Mobile,0,0,220
U01558,A,Desktop,1,9900,220
U01559,B,Desktop,0,0,220
U01560,B,Desktop,0,0,220
U01561,A,Mobile,0,0,220
U01562,B,Mobile,0,0,220
U01563,B,Desktop,0,0,220
U01564,B,Mobile,1,4900,220
U01565,B,Mobile,0,0,220
U01566,B,Desktop,0,0,220
U01567,B,Mobile,0,0,220
U01568,A,Desktop,0,0,220
U01569,B,Desktop,0,0,220
U01570,A,Mobile,0,0,220
U01571,B,Desktop,0,0,220
U01572,B,Desktop,0,0,220
U01573,A,Desktop,0,0,220
U01574,A,Desktop,1,7900,220
U01575,A,Desktop,0,0,220
U01576,B,Desktop,1,9900,220
U01577,B,Desktop,0,0,220
U01578,A,Mobile,0,0,220
U01579,A,Desktop,0,0,220
U01580,B,Mobile,0,0,220
U01581,A,Desktop,0,0,220
U01582,A,Desktop,0,0,220
U01583,A,Mobile,0,0,220
U01584,A,Mobile,0,0,220
U01585,A,Mobile,0,0,220
U01586,B,Desktop,0,0,220
U01587,A,Desktop,0,0,220
U01588,B,Mobile,0,0,220
U01589,B,Mobile,0,0,220
U01590,A,Desktop,0,0,220
U01591,A,Mobile,0,0,220
U01592,A,Desktop,0,0,220
U01593,B,Mobile,0,0,220
U01594,A,Mobile,0,0,220
U01595,A,Mobile,0,0,220
U01596,B,Desktop,0,0,220
U01597,B,Desktop,0,0,220
U01598,B,Mobile,0,0,220
U01599,B,Desktop,1,4900,220
U01600,B,Desktop,0,0,220
U01601,A,Mobile,0,0,220
U01602,B,Mobile,0,0,220
U01603,B,Mobile,0,0,220
U01604,B,Desktop,0,0,220
U01605,B,Mobile,0,0,220
U01606,A,Mobile,0,0,220
U01607,A,Desktop,1,7900,220
U01608,B,Mobile,0,0,220
U01609,A,Mobile,0,0,220
U01610,B,Mobile,0,0,220
U01611,A,Desktop,0,0,220
U01612,B,Mobile,0,0,220
U01613,A,Mobile,0,0,220
U01614,A,Mobile,0,0,220
U01615,A,Mobile,0,0,220
U01616,B,Mobile,1,7900,220
U01617,A,Desktop,1,9900,220
U01618,B,Desktop,1,9900,220
U01619,B,Desktop,0,0,220
U01620,B,Mobile,0,0,220
U01621,B,Mobile,0,0,220
U01622,A,Mobile,0,0,220
U01623,A,Mobile,1,4900,220
U01624,A,Mobile,0,0,220
U01625,A,Mobile,0,0,220
U01626,A,Desktop,0,0,220
U01627,B,Desktop,0,0,220
U01628,A,Mobile,0,0,220
U01629,A,Mobile,0,0,220
U01630,A,Desktop,1,7900,220
U01631,A,Desktop,0,0,220
U01632,B,Mobile,0,0,220
U01633,A,Mobile,0,0,220
U01634,B,Mobile,0,0,220
U01635,A,Mobile,0,0,220
U01636,B,Mobile,0,0,220
U01637,A,Desktop,0,0,220
U01638,A,Desktop,0,0,220
U01639,B,Mobile,0,0,220
U01640,A,Desktop,1,4900,220
U01641,A,Mobile,1,9900,220
U01642,B,Desktop,0,0,220
U01643,B,Desktop,0,0,220
U01644,A,Desktop,0,0,220
U01645,B,Mobile,0,0,220
U01646,B,Mobile,0,0,220
U01647,B,Mobile,0,0,220
U01648,A,Mobile,0,0,220
U01649,B,Mobile,0,0,220
U01650,B,Mobile,0,0,220
U01651,A,Mobile,0,0,220
U01652,B,Desktop,0,0,220
U01653,A,Mobile,1,4900,220
U01654,A,Mobile,0,0,220
U01655,B,Mobile,0,0,220
U01656,B,Desktop,1,4900,220
U01657,A,Mobile,0,0,220
U01658,B,Mobile,0,0,220
U01659,B,Mobile,0,0,220
U01660,B,Desktop,1,9900,220
U01661,A,Desktop,0,0,220
U01662,B,Desktop,0,0,220
U01663,A,Desktop,0,0,220
U01664,A,Desktop,0,0,220
U01665,B,Desktop,0,0,220
U01666,B,Desktop,0,0,220
U01667,A,Mobile,0,0,220
U01668,B,Desktop,0,0,220
U01669,A,Desktop,0,0,220
U01670,A,Desktop,0,0,220
U01671,A,Mobile,0,0,220
U01672,A,Mobile,0,0,220
U01673,A,Mobile,0,0,220
U01674,A,Desktop,0,0,220
U01675,A,Desktop,0,0,220
U01676,B,Desktop,0,0,220
U01677,B,Mobile,0,0,220
U01678,A,Desktop,0,0,220
U01679,B,Mobile,1,4900,220
U01680,A,Mobile,0,0,220
U01681,B,Mobile,0,0,220
U01682,B,Mobile,0,0,220
U01683,A,Desktop,0,0,220
U01684,A,Mobile,0,0,220
U01685,B,Mobile,0,0,220
U01686,A,Desktop,0,0,220
U01687,B,Desktop,0,0,220
U01688,A,Desktop,0,0,220
U01689,B,Mobile,0,0,220
U01690,A,Mobile,0,0,220
U01691,B,Mobile,0,0,220
U01692,A,Desktop,0,0,220
U01693,A,Desktop,0,0,220
U01694,B,Desktop,0,0,220
U01695,A,Mobile,0,0,220
U01696,B,Mobile,0,0,220
U01697,B,Mobile,0,0,220
U01698,A,Desktop,0,0,220
U01699,A,Desktop,0,0,220
U01700,A,Desktop,0,0,220
U01701,A,Mobile,0,0,220
U01702,B,Mobile,0,0,220
U01703,A,Desktop,0,0,220
U01704,B,Desktop,0,0,220
U01705,A,Mobile,0,0,220
U01706,A,Desktop,0,0,220
U01707,B,Mobile,0,0,220
U01708,A,Mobile,0,0,220
U01709,A,Desktop,0,0,220
U01710,A,Desktop,0,0,220
U01711,A,Desktop,0,0,220
U01712,B,Mobile,0,0,220
U01713,A,Desktop,0,0,220
U01714,A,Desktop,0,0,220
U01715,A,Desktop,0,0,220
U01716,B,Desktop,0,0,220
U01717,B,Desktop,0,0,220
U01718,B,Mobile,0,0,220
U01719,A,Desktop,0,0,220
U01720,B,Mobile,0,0,220
U01721,B,Mobile,0,0,220
U01722,B,Mobile,0,0,220
U01723,A,Mobile,1,4900,220
U01724,B,Mobile,0,0,220
U01725,B,Desktop,0,0,220
U01726,A,Desktop,0,0,220
U01727,A,Mobile,0,0,220
U01728,A,Mobile,0,0,220
U01729,B,Desktop,0,0,220
U01730,A,Mobile,1,4900,220
U01731,A,Mobile,0,0,220
U01732,A,Mobile,0,0,220
U01733,B,Mobile,0,0,220
U01734,A,Mobile,0,0,220
U01735,B,Desktop,0,0,220
U01736,B,Mobile,1,7900,220
U01737,A,Mobile,0,0,220
U01738,A,Desktop,0,0,220
U01739,B,Mobile,0,0,220
U01740,B,Mobile,0,0,220
U01741,A,Desktop,0,0,220
U01742,A,Mobile,0,0,220
U01743,B,Mobile,0,0,220
U01744,A,Mobile,0,0,220
U01745,B,Desktop,0,0,220
U01746,B,Mobile,0,0,220
U01747,A,Mobile,0,0,220
U01748,A,Desktop,0,0,220
U01749,B,Mobile,0,0,220
U01750,A,Desktop,0,0,220
U01751,A,Desktop,0,0,220
U01752,B,Mobile,0,0,220
U01753,A,Desktop,0,0,220
U01754,A,Mobile,0,0,220
U01755,B,Desktop,0,0,220
U01756,A,Desktop,0,0,220
U01757,B,Desktop,0,0,220
U01758,A,Desktop,0,0,220
U01759,B,Desktop,0,0,220
U01760,B,Mobile,0,0,220
U01761,B,Mobile,0,0,220
U01762,B,Mobile,0,0,220
U01763,A,Mobile,0,0,220
U01764,A,Mobile,0,0,220
U01765,B,Desktop,1,4900,220
U01766,A,Desktop,1,9900,220
U01767,B,Desktop,0,0,220
U01768,A,Mobile,0,0,220
U01769,A,Mobile,0,0,220
U01770,B,Desktop,0,0,220
U01771,A,Mobile,0,0,220
U01772,A,Desktop,0,0,220
U01773,B,Mobile,0,0,220
U01774,B,Mobile,0,0,220
U01775,A,Mobile,0,0,220
U01776,B,Mobile,0,0,220
U01777,B,Mobile,0,0,220
U01778,B,Mobile,0,0,220
U01779,B,Mobile,0,0,220
U01780,A,Mobile,0,0,220
U01781,A,Desktop,0,0,220
U01782,B,Desktop,0,0,220
U01783,A,Desktop,0,0,220
U01784,B,Desktop,0,0,220
U01785,A,Mobile,0,0,220
U01786,B,Mobile,0,0,220
U01787,B,Desktop,0,0,220
U01788,A,Mobile,0,0,220
U01789,B,Mobile,0,0,220
U01790,A,Mobile,0,0,220
U01791,A,Mobile,0,0,220
U01792,B,Mobile,0,0,220
U01793,A,Desktop,0,0,220
U01794,B,Mobile,0,0,220
U01795,B,Desktop,0,0,220
U01796,A,Desktop,0,0,220
U01797,A,Desktop,0,0,220
U01798,A,Mobile,0,0,220
U01799,B,Desktop,0,0,220
U01800,B,Desktop,0,0,220
U01801,B,Mobile,1,9900,220
U01802,B,Mobile,0,0,220
U01803,A,Desktop,0,0,220
U01804,B,Desktop,0,0,220
U01805,A,Mobile,0,0,220
U01806,B,Desktop,0,0,220
U01807,B,Desktop,0,0,220
U01808,A,Desktop,0,0,220
U01809,A,Desktop,0,0,220
U01810,A,Mobile,0,0,220
U01811,A,Mobile,0,0,220
U01812,A,Desktop,0,0,220
U01813,B,Mobile,0,0,220
U01814,B,Mobile,0,0,220
U01815,B,Desktop,1,4900,220
U01816,A,Mobile,0,0,220
U01817,B,Desktop,0,0,220
U01818,A,Desktop,0,0,220
U01819,A,Desktop,1,4900,220
U01820,A,Mobile,0,0,220
U01821,A,Desktop,0,0,220
U01822,B,Mobile,0,0,220
U01823,A,Desktop,0,0,220
U01824,B,Mobile,0,0,220
U01825,B,Mobile,0,0,220
U01826,B,Desktop,0,0,220
U01827,A,Desktop,0,0,220
U01828,A,Mobile,1,7900,220
U01829,B,Desktop,0,0,220
U01830,B,Mobile,1,7900,220
U01831,B,Mobile,0,0,220
U01832,B,Desktop,1,9900,220
U01833,B,Desktop,0,0,220
U01834,B,Mobile,0,0,220
U01835,B,Mobile,0,0,220
U01836,A,Mobile,0,0,220
U01837,B,Desktop,0,0,220
U01838,A,Mobile,0,0,220
U01839,A,Mobile,0,0,220
U01840,B,Mobile,0,0,220
U01841,A,Mobile,0,0,220
U01842,A,Desktop,0,0,220
U01843,A,Desktop,0,0,220
U01844,A,Desktop,1,4900,220
U01845,B,Mobile,0,0,220
U01846,A,Mobile,0,0,220
U01847,B,Desktop,0,0,220
U01848,A,Mobile,0,0,220
U01849,B,Desktop,0,0,220
U01850,A,Mobile,0,0,220
U01851,A,Mobile,0,0,220
U01852,A,Mobile,0,0,220
U01853,B,Desktop,0,0,220
U01854,A,Mobile,0,0,220
U01855,B,Desktop,1,7900,220
U01856,B,Desktop,0,0,220
U01857,A,Desktop,0,0,220
U01858,B,Desktop,0,0,220
U01859,A,Mobile,0,0,220
U01860,B,Mobile,0,0,220
U01861,B,Desktop,1,7900,220
U01862,B,Desktop,0,0,220
U01863,B,Desktop,0,0,220
U01864,B,Desktop,0,0,220
U01865,B,Desktop,0,0,220
U01866,A,Mobile,0,0,220
U01867,B,Desktop,0,0,220
U01868,B,Desktop,0,0,220
U01869,A,Desktop,0,0,220
U01870,A,Desktop,0,0,220
U01871,B,Mobile,0,0,220
U01872,A,Mobile,0,0,220
U01873,A,Desktop,0,0,220
U01874,A,Desktop,0,0,220
U01875,A,Desktop,1,7900,220
U01876,B,Desktop,0,0,220
U01877,B,Desktop,0,0,220
U01878,B,Mobile,1,7900,220
U01879,A,Mobile,0,0,220
U01880,A,Desktop,0,0,220
U01881,A,Desktop,0,0,220
U01882,A,Desktop,0,0,220
U01883,A,Mobile,0,0,220
U01884,A,Mobile,0,0,220
U01885,A,Desktop,0,0,220
U01886,A,Desktop,0,0,220
U01887,A,Desktop,0,0,220
U01888,A,Desktop,0,0,220
U01889,B,Desktop,0,0,220
U01890,A,Desktop,0,0,220
U01891,B,Desktop,0,0,220
U01892,B,Mobile,0,0,220
U01893,A,Mobile,0,0,220
U01894,B,Mobile,0,0,220
U01895,A,Mobile,0,0,220
U01896,B,Desktop,0,0,220
U01897,B,Desktop,0,0,220
U01898,B,Mobile,0,0,220
U01899,B,Desktop,0,0,220
U01900,B,Mobile,0,0,220
U01901,B,Desktop,0,0,220
U01902,B,Desktop,0,0,220
U01903,B,Mobile,0,0,220
U01904,A,Mobile,0,0,220
U01905,B,Desktop,1,4900,220
U01906,B,Desktop,0,0,220
U01907,B,Mobile,0,0,220
U01908,B,Desktop,0,0,220
U01909,B,Desktop,1,4900,220
U01910,A,Desktop,1,9900,220
U01911,A,Mobile,0,0,220
U01912,B,Mobile,0,0,220
U01913,B,Desktop,0,0,220
U01914,B,Mobile,0,0,220
U01915,B,Mobile,0,0,220
U01916,A,Mobile,0,0,220
U01917,B,Mobile,0,0,220
U01918,A,Desktop,0,0,220
U01919,B,Mobile,0,0,220
U01920,B,Desktop,0,0,220
U01921,A,Desktop,0,0,220
U01922,A,Desktop,0,0,220
U01923,B,Desktop,0,0,220
U01924,A,Desktop,0,0,220
U01925,A,Desktop,0,0,220
U01926,B,Mobile,0,0,220
U01927,B,Desktop,0,0,220
U01928,A,Mobile,0,0,220
U01929,B,Mobile,0,0,220
U01930,B,Desktop,1,9900,220
U01931,B,Mobile,0,0,220
U01932,B,Desktop,0,0,220
U01933,B,Mobile,0,0,220
U01934,A,Desktop,0,0,220
U01935,B,Desktop,1,4900,220
U01936,B,Mobile,0,0,220
U01937,A,Desktop,0,0,220
U01938,A,Desktop,0,0,220
U01939,B,Desktop,0,0,220
U01940,A,Desktop,0,0,220
U01941,B,Desktop,0,0,220
U01942,A,Mobile,0,0,220
U01943,A,Desktop,0,0,220
U01944,B,Desktop,0,0,220
U01945,B,Desktop,0,0,220
U01946,A,Mobile,0,0,220
U01947,A,Desktop,1,4900,220
U01948,A,Mobile,0,0,220
U01949,A,Mobile,0,0,220
U01950,A,Mobile,0,0,220
U01951,B,Desktop,0,0,220
U01952,A,Desktop,0,0,220
U01953,B,Mobile,0,0,220
U01954,B,Desktop,0,0,220
U01955,B,Desktop,0,0,220
U01956,B,Desktop,0,0,220
U01957,A,Desktop,0,0,220
U01958,B,Mobile,0,0,220
U01959,A,Desktop,1,9900,220
U01960,A,Desktop,0,0,220
U01961,B,Desktop,0,0,220
U01962,A,Desktop,0,0,220
U01963,A,Desktop,1,4900,220
U01964,B,Mobile,1,7900,220
U01965,A,Mobile,0,0,220
U01966,A,Desktop,0,0,220
U01967,A,Mobile,0,0,220
U01968,B,Desktop,0,0,220
U01969,A,Desktop,1,7900,220
U01970,B,Desktop,0,0,220
U01971,B,Desktop,0,0,220
U01972,A,Desktop,0,0,220
U01973,B,Mobile,0,0,220
U01974,A,Desktop,0,0,220
U01975,B,Mobile,0,0,220
U01976,A,Mobile,0,0,220
U01977,B,Desktop,0,0,220
U01978,A,Mobile,0,0,220
U01979,A,Desktop,0,0,220
U01980,B,Mobile,0,0,220
U01981,A,Mobile,1,7900,220
U01982,A,Mobile,0,0,220
U01983,A,Mobile,0,0,220
U01984,B,Desktop,1,7900,220
U01985,B,Mobile,0,0,220
U01986,A,Mobile,0,0,220
U01987,B,Desktop,0,0,220
U01988,B,Desktop,0,0,220
U01989,B,Desktop,0,0,220
U01990,A,Desktop,0,0,220
U01991,B,Desktop,0,0,220
U01992,A,Desktop,1,7900,220
U01993,B,Mobile,0,0,220
U01994,A,Mobile,0,0,220
U01995,B,Mobile,0,0,220
U01996,A,Desktop,1,9900,220
U01997,A,Desktop,0,0,220
U01998,A,Desktop,0,0,220
U01999,A,Mobile,0,0,220
U02000,B,Desktop,0,0,220
U02001,B,Mobile,0,0,220
U02002,B,Desktop,0,0,220
U02003,B,Mobile,0,0,220
U02004,B,Mobile,0,0,220
U02005,A,Mobile,0,0,220
U02006,A,Desktop,0,0,220
U02007,B,Desktop,1,9900,220
U02008,B,Desktop,0,0,220
U02009,B,Mobile,0,0,220
U02010,B,Desktop,1,7900,220
U02011,B,Desktop,0,0,220
U02012,B,Mobile,0,0,220
U02013,B,Desktop,0,0,220
U02014,A,Mobile,1,4900,220
U02015,A,Mobile,0,0,220
U02016,A,Mobile,0,0,220
U02017,A,Desktop,0,0,220
U02018,A,Mobile,0,0,220
U02019,A,Desktop,0,0,220
U02020,B,Desktop,1,9900,220
U02021,A,Mobile,0,0,220
U02022,B,Mobile,0,0,220
U02023,B,Desktop,1,4900,220
U02024,B,Desktop,0,0,220
U02025,B,Desktop,0,0,220
U02026,A,Mobile,0,0,220
U02027,A,Desktop,0,0,220
U02028,B,Desktop,0,0,220
U02029,B,Mobile,0,0,220
U02030,B,Mobile,0,0,220
U02031,B,Mobile,0,0,220
U02032,B,Mobile,0,0,220
U02033,B,Mobile,0,0,220
U02034,A,Desktop,0,0,220
U02035,A,Mobile,0,0,220
U02036,B,Mobile,0,0,220
U02037,B,Mobile,0,0,220
U02038,A,Desktop,0,0,220
U02039,B,Mobile,0,0,220
U02040,A,Desktop,0,0,220
U02041,A,Mobile,0,0,220
U02042,B,Mobile,0,0,220
U02043,B,Desktop,0,0,220
U02044,B,Mobile,0,0,220
U02045,A,Mobile,0,0,220
U02046,B,Mobile,0,0,220
U02047,A,Desktop,0,0,220
U02048,B,Mobile,0,0,220
U02049,B,Mobile,0,0,220
U02050,A,Desktop,0,0,220
U02051,B,Desktop,0,0,220
U02052,B,Mobile,0,0,220
U02053,B,Mobile,0,0,220
U02054,A,Mobile,0,0,220
U02055,A,Mobile,0,0,220
U02056,B,Desktop,0,0,220
U02057,B,Mobile,0,0,220
U02058,A,Mobile,0,0,220
U02059,B,Desktop,0,0,220
U02060,B,Mobile,0,0,220
U02061,B,Mobile,1,7900,220
U02062,B,Desktop,0,0,220
U02063,B,Mobile,0,0,220
U02064,A,Mobile,0,0,220
U02065,B,Desktop,0,0,220
U02066,A,Desktop,0,0,220
U02067,B,Mobile,0,0,220
U02068,B,Mobile,0,0,220
U02069,A,Desktop,0,0,220
U02070,A,Desktop,0,0,220
U02071,B,Desktop,1,9900,220
U02072,A,Desktop,0,0,220
U02073,B,Desktop,0,0,220
U02074,A,Mobile,0,0,220
U02075,B,Desktop,0,0,220
U02076,A,Mobile,1,7900,220
U02077,B,Mobile,0,0,220
U02078,A,Desktop,0,0,220
U02079,A,Mobile,0,0,220
U02080,B,Mobile,0,0,220
U02081,A,Mobile,0,0,220
U02082,A,Desktop,0,0,220
U02083,A,Desktop,0,0,220
U02084,A,Desktop,0,0,220
U02085,A,Mobile,0,0,220
U02086,A,Mobile,1,9900,220
U02087,A,Desktop,0,0,220
U02088,A,Desktop,1,9900,220
U02089,A,Mobile,0,0,220
U02090,A,Mobile,0,0,220
U02091,A,Mobile,0,0,220
U02092,A,Desktop,1,7900,220
U02093,A,Desktop,0,0,220
U02094,A,Mobile,1,7900,220
U02095,A,Desktop,0,0,220
U02096,B,Mobile,0,0,220
U02097,A,Mobile,0,0,220
U02098,B,Desktop,0,0,220
U02099,B,Mobile,0,0,220
U02100,B,Desktop,0,0,220
U02101,B,Desktop,0,0,220
U02102,A,Desktop,0,0,220
U02103,A,Desktop,0,0,220
U02104,B,Mobile,0,0,220
U02105,A,Desktop,1,9900,220
U02106,A,Desktop,0,0,220
U02107,B,Desktop,1,7900,220
U02108,B,Desktop,0,0,220
U02109,B,Mobile,0,0,220
U02110,A,Mobile,0,0,220
U02111,A,Desktop,0,0,220
U02112,B,Desktop,0,0,220
U02113,B,Mobile,0,0,220
U02114,A,Mobile,0,0,220
U02115,A,Mobile,0,0,220
U02116,B,Desktop,0,0,220
U02117,A,Mobile,0,0,220
U02118,A,Mobile,0,0,220
U02119,A,Mobile,0,0,220
U02120,B,Desktop,0,0,220
U02121,B,Desktop,0,0,220
U02122,B,Desktop,0,0,220
U02123,B,Desktop,0,0,220
U02124,A,Mobile,0,0,220
U02125,A,Desktop,0,0,220
U02126,B,Mobile,0,0,220
U02127,A,Desktop,0,0,220
U02128,B,Desktop,0,0,220
U02129,A,Mobile,0,0,220
U02130,B,Desktop,0,0,220
U02131,B,Mobile,0,0,220
U02132,A,Mobile,0,0,220
U02133,B,Desktop,0,0,220
U02134,B,Mobile,1,7900,220
U02135,B,Desktop,1,7900,220
U02136,B,Desktop,0,0,220
U02137,A,Desktop,1,7900,220
U02138,B,Mobile,0,0,220
U02139,B,Mobile,0,0,220
U02140,B,Mobile,1,4900,220
U02141,A,Desktop,0,0,220
U02142,A,Mobile,0,0,220
U02143,A,Mobile,0,0,220
U02144,A,Desktop,0,0,220
U02145,B,Desktop,0,0,220
U02146,A,Desktop,0,0,220
U02147,B,Mobile,0,0,220
U02148,B,Mobile,0,0,220
U02149,B,Mobile,0,0,220
U02150,A,Mobile,0,0,220
U02151,B,Mobile,0,0,220
U02152,B,Mobile,0,0,220
U02153,A,Mobile,0,0,220
U02154,A,Desktop,1,9900,220
U02155,B,Mobile,1,7900,220
U02156,A,Mobile,0,0,220
U02157,B,Mobile,1,4900,220
U02158,B,Mobile,0,0,220
U02159,B,Mobile,0,0,220
U02160,A,Mobile,0,0,220
U02161,A,Mobile,0,0,220
U02162,B,Mobile,0,0,220
U02163,B,Desktop,0,0,220
U02164,A,Mobile,0,0,220
U02165,B,Mobile,0,0,220
U02166,B,Mobile,0,0,220
U02167,A,Mobile,0,0,220
U02168,B,Desktop,0,0,220
U02169,B,Mobile,0,0,220
U02170,B,Desktop,0,0,220
U02171,B,Desktop,0,0,220
U02172,A,Desktop,1,9900,220
U02173,A,Desktop,0,0,220
U02174,B,Desktop,1,7900,220
U02175,B,Mobile,0,0,220
U02176,B,Desktop,0,0,220
U02177,B,Mobile,0,0,220
U02178,A,Desktop,0,0,220
U02179,B,Desktop,0,0,220
U02180,B,Desktop,0,0,220
U02181,B,Mobile,0,0,220
U02182,A,Desktop,0,0,220
U02183,B,Mobile,0,0,220
U02184,A,Mobile,1,9900,220
U02185,B,Mobile,0,0,220
U02186,A,Mobile,0,0,220
U02187,B,Desktop,0,0,220
U02188,B,Desktop,0,0,220
U02189,A,Mobile,0,0,220
U02190,A,Mobile,0,0,220
U02191,B,Desktop,0,0,220
U02192,A,Mobile,0,0,220
U02193,B,Desktop,0,0,220
U02194,A,Mobile,0,0,220
U02195,A,Desktop,0,0,220
U02196,A,Desktop,0,0,220
U02197,B,Desktop,0,0,220
U02198,B,Desktop,0,0,220
U02199,A,Desktop,0,0,220
U02200,B,Desktop,0,0,220
U02201,A,Desktop,0,0,220
U02202,B,Mobile,0,0,220
U02203,B,Mobile,0,0,220
U02204,A,Desktop,0,0,220
U02205,B,Mobile,1,7900,220
U02206,B,Desktop,0,0,220
U02207,A,Mobile,0,0,220
U02208,B,Mobile,0,0,220
U02209,B,Desktop,0,0,220
U02210,A,Desktop,0,0,220
U02211,A,Mobile,0,0,220
U02212,A,Desktop,0,0,220
U02213,A,Mobile,0,0,220
U02214,A,Desktop,0,0,220
U02215,A,Mobile,0,0,220
U02216,B,Mobile,1,9900,220
U02217,A,Mobile,0,0,220
U02218,A,Mobile,0,0,220
U02219,A,Mobile,0,0,220
U02220,B,Mobile,0,0,220
U02221,B,Desktop,0,0,220
U02222,B,Desktop,0,0,220
U02223,B,Mobile,0,0,220
U02224,A,Desktop,0,0,220
U02225,A,Mobile,0,0,220
U02226,B,Desktop,0,0,220
U02227,B,Mobile,0,0,220
U02228,B,Mobile,0,0,220
U02229,B,Mobile,0,0,220
U02230,B,Mobile,0,0,220
U02231,A,Mobile,0,0,220
U02232,B,Mobile,0,0,220
U02233,B,Mobile,0,0,220
U02234,A,Desktop,0,0,220
U02235,B,Desktop,0,0,220
U02236,B,Desktop,0,0,220
U02237,A,Desktop,0,0,220
U02238,B,Mobile,0,0,220
U02239,A,Mobile,0,0,220
U02240,B,Desktop,0,0,220
U02241,A,Desktop,0,0,220
U02242,B,Desktop,0,0,220
U02243,B,Desktop,1,9900,220
U02244,A,Desktop,1,4900,220
U02245,B,Mobile,1,9900,220
U02246,A,Mobile,0,0,220
U02247,A,Desktop,0,0,220
U02248,A,Desktop,0,0,220
U02249,A,Mobile,0,0,220
U02250,B,Desktop,0,0,220
U02251,A,Desktop,0,0,220
U02252,A,Desktop,0,0,220
U02253,B,Desktop,1,7900,220
U02254,B,Desktop,0,0,220
U02255,B,Desktop,0,0,220
U02256,B,Mobile,0,0,220
U02257,B,Desktop,1,9900,220
U02258,B,Desktop,0,0,220
U02259,A,Desktop,0,0,220
U02260,A,Mobile,0,0,220
U02261,B,Desktop,0,0,220
U02262,B,Desktop,0,0,220
U02263,B,Desktop,0,0,220
U02264,B,Desktop,0,0,220
U02265,B,Desktop,0,0,220
U02266,B,Desktop,0,0,220
U02267,A,Mobile,0,0,220
U02268,A,Desktop,0,0,220
U02269,B,Mobile,1,7900,220
U02270,A,Mobile,0,0,220
U02271,B,Desktop,0,0,220
U02272,B,Mobile,0,0,220
U02273,A,Desktop,0,0,220
U02274,B,Mobile,0,0,220
U02275,A,Desktop,0,0,220
U02276,B,Mobile,0,0,220
U02277,B,Desktop,0,0,220
U02278,A,Desktop,1,9900,220
U02279,A,Mobile,0,0,220
U02280,B,Mobile,0,0,220
U02281,A,Mobile,1,9900,220
U02282,A,Desktop,0,0,220
U02283,B,Desktop,1,9900,220
U02284,B,Desktop,0,0,220
U02285,A,Desktop,0,0,220
U02286,A,Desktop,0,0,220
U02287,B,Desktop,0,0,220
U02288,B,Desktop,1,9900,220
U02289,A,Mobile,0,0,220
U02290,A,Desktop,0,0,220
U02291,B,Mobile,0,0,220
U02292,B,Desktop,0,0,220
U02293,B,Mobile,0,0,220
U02294,B,Desktop,0,0,220
U02295,B,Mobile,0,0,220
U02296,B,Desktop,0,0,220
U02297,B,Desktop,0,0,220
U02298,A,Desktop,0,0,220
U02299,A,Desktop,0,0,220
U02300,B,Mobile,0,0,220
U02301,B,Desktop,0,0,220
U02302,B,Mobile,0,0,220
U02303,A,Desktop,0,0,220
U02304,A,Desktop,0,0,220
U02305,A,Desktop,0,0,220
U02306,A,Desktop,0,0,220
U02307,A,Mobile,0,0,220
U02308,A,Desktop,0,0,220
U02309,B,Mobile,0,0,220
U02310,A,Mobile,0,0,220
U02311,A,Mobile,0,0,220
U02312,B,Mobile,0,0,220
U02313,B,Mobile,0,0,220
U02314,A,Desktop,0,0,220
U02315,A,Mobile,1,4900,220
U02316,B,Desktop,0,0,220
U02317,A,Mobile,0,0,220
U02318,B,Mobile,0,0,220
U02319,A,Mobile,0,0,220
U02320,B,Mobile,0,0,220
U02321,B,Desktop,0,0,220
U02322,B,Desktop,0,0,220
U02323,B,Mobile,0,0,220
U02324,B,Mobile,0,0,220
U02325,B,Desktop,0,0,220
U02326,B,Desktop,0,0,220
U02327,A,Mobile,0,0,220
U02328,B,Mobile,0,0,220
U02329,B,Mobile,0,0,220
U02330,A,Mobile,1,7900,220
U02331,A,Desktop,0,0,220
U02332,B,Desktop,0,0,220
U02333,A,Mobile,0,0,220
U02334,A,Mobile,0,0,220
U02335,B,Desktop,0,0,220
U02336,A,Mobile,0,0,220
U02337,A,Desktop,0,0,220
U02338,A,Mobile,1,9900,220
U02339,B,Desktop,0,0,220
U02340,B,Desktop,1,7900,220
U02341,A,Mobile,0,0,220
U02342,B,Mobile,0,0,220
U02343,A,Mobile,0,0,220
U02344,A,Desktop,0,0,220
U02345,B,Desktop,0,0,220
U02346,B,Mobile,1,9900,220
U02347,A,Mobile,0,0,220
U02348,B,Mobile,0,0,220
U02349,A,Desktop,0,0,220
U02350,B,Desktop,0,0,220
U02351,A,Desktop,1,9900,220
U02352,A,Desktop,0,0,220
U02353,A,Desktop,0,0,220
U02354,A,Desktop,0,0,220
U02355,A,Desktop,0,0,220
U02356,A,Mobile,0,0,220
U02357,B,Desktop,0,0,220
U02358,A,Mobile,0,0,220
U02359,B,Mobile,0,0,220
U02360,A,Mobile,0,0,220
U02361,B,Desktop,0,0,220
U02362,A,Desktop,0,0,220
U02363,B,Mobile,0,0,220
U02364,A,Desktop,0,0,220
U02365,B,Desktop,0,0,220
U02366,A,Mobile,0,0,220
U02367,B,Desktop,0,0,220
U02368,A,Mobile,1,7900,220
U02369,A,Desktop,0,0,220
U02370,B,Desktop,1,9900,220
U02371,B,Mobile,0,0,220
U02372,B,Mobile,0,0,220
U02373,A,Desktop,0,0,220
U02374,B,Mobile,0,0,220
U02375,A,Desktop,1,9900,220
U02376,B,Mobile,1,9900,220
U02377,B,Mobile,0,0,220
U02378,A,Desktop,0,0,220
U02379,A,Desktop,1,7900,220
U02380,B,Desktop,0,0,220
U02381,B,Mobile,0,0,220
U02382,B,Desktop,0,0,220
U02383,A,Desktop,0,0,220
U02384,A,Desktop,0,0,220
U02385,A,Desktop,0,0,220
U02386,B,Mobile,1,4900,220
U02387,A,Desktop,0,0,220
U02388,B,Desktop,1,7900,220
U02389,B,Mobile,0,0,220
U02390,B,Desktop,0,0,220
U02391,A,Mobile,0,0,220
U02392,B,Desktop,0,0,220
U02393,B,Desktop,0,0,220
U02394,B,Desktop,0,0,220
U02395,B,Mobile,0,0,220
U02396,B,Mobile,0,0,220
U02397,A,Mobile,1,4900,220
U02398,A,Mobile,0,0,220
U02399,A,Mobile,0,0,220
U02400,A,Mobile,0,0,220
U02401,B,Desktop,0,0,220
U02402,A,Desktop,0,0,220
U02403,B,Desktop,0,0,220
U02404,B,Desktop,0,0,220
U02405,A,Mobile,0,0,220
U02406,B,Mobile,0,0,220
U02407,A,Desktop,0,0,220
U02408,B,Mobile,1,7900,220
U02409,A,Mobile,0,0,220
U02410,A,Mobile,0,0,220
U02411,A,Mobile,0,0,220
U02412,B,Mobile,0,0,220
U02413,B,Desktop,0,0,220
U02414,A,Mobile,0,0,220
U02415,B,Desktop,0,0,220
U02416,A,Desktop,0,0,220
U02417,B,Mobile,0,0,220
U02418,A,Desktop,0,0,220
U02419,B,Desktop,0,0,220
U02420,B,Mobile,0,0,220
U02421,A,Mobile,0,0,220
U02422,A,Mobile,0,0,220
U02423,B,Mobile,0,0,220
U02424,A,Desktop,0,0,220
U02425,A,Desktop,0,0,220
U02426,B,Desktop,0,0,220
U02427,B,Mobile,0,0,220
U02428,A,Mobile,0,0,220
U02429,A,Mobile,0,0,220
U02430,B,Mobile,0,0,220
U02431,B,Mobile,0,0,220
U02432,B,Mobile,0,0,220
U02433,B,Desktop,0,0,220
U02434,A,Desktop,0,0,220
U02435,A,Mobile,0,0,220
U02436,A,Mobile,0,0,220
U02437,B,Desktop,1,7900,220
U02438,B,Desktop,1,7900,220
U02439,A,Mobile,0,0,220
U02440,A,Desktop,0,0,220
U02441,B,Mobile,0,0,220
U02442,A,Desktop,0,0,220
U02443,A,Desktop,0,0,220
U02444,B,Mobile,0,0,220
U02445,B,Desktop,0,0,220
U02446,A,Mobile,0,0,220
U02447,B,Desktop,1,4900,220
U02448,B,Mobile,0,0,220
U02449,A,Desktop,0,0,220
U02450,A,Desktop,0,0,220
U02451,A,Mobile,1,9900,220
U02452,B,Mobile,0,0,220
U02453,A,Desktop,0,0,220
U02454,B,Desktop,0,0,220
U02455,A,Mobile,0,0,220
U02456,B,Mobile,0,0,220
U02457,A,Desktop,0,0,220
U02458,B,Mobile,0,0,220
U02459,A,Mobile,0,0,220
U02460,A,Desktop,0,0,220
U02461,B,Mobile,0,0,220
U02462,A,Desktop,0,0,220
U02463,B,Desktop,0,0,220
U02464,A,Desktop,0,0,220
U02465,A,Desktop,1,4900,220
U02466,A,Desktop,0,0,220
U02467,A,Desktop,1,7900,220
U02468,A,Desktop,0,0,220
U02469,B,Desktop,1,9900,220
U02470,A,Mobile,0,0,220
U02471,B,Mobile,1,7900,220
U02472,B,Mobile,0,0,220
U02473,A,Desktop,0,0,220
U02474,B,Mobile,0,0,220
U02475,A,Mobile,0,0,220
U02476,B,Desktop,0,0,220
U02477,B,Mobile,0,0,220
U02478,A,Desktop,0,0,220
U02479,B,Desktop,0,0,220
U02480,B,Mobile,0,0,220
U02481,A,Desktop,1,9900,220
U02482,B,Mobile,0,0,220
U02483,A,Mobile,0,0,220
U02484,B,Desktop,0,0,220
U02485,B,Mobile,0,0,220
U02486,A,Mobile,0,0,220
U02487,B,Desktop,0,0,220
U02488,B,Desktop,0,0,220
U02489,A,Mobile,0,0,220
U02490,A,Mobile,0,0,220
U02491,A,Desktop,0,0,220
U02492,B,Mobile,0,0,220
U02493,B,Mobile,0,0,220
U02494,A,Mobile,1,7900,220
U02495,B,Mobile,0,0,220
U02496,B,Desktop,0,0,220
U02497,A,Desktop,0,0,220
U02498,A,Desktop,0,0,220
U02499,A,Mobile,0,0,220
U02500,A,Desktop,1,9900,220
U02501,B,Desktop,0,0,220
U02502,A,Desktop,1,9900,220
U02503,A,Desktop,1,7900,220
U02504,B,Mobile,0,0,220
U02505,A,Mobile,1,9900,220
U02506,A,Desktop,0,0,220
U02507,A,Mobile,0,0,220
U02508,A,Mobile,0,0,220
U02509,B,Mobile,0,0,220
U02510,B,Mobile,0,0,220
U02511,A,Mobile,0,0,220
U02512,B,Mobile,0,0,220
U02513,B,Desktop,0,0,220
U02514,B,Mobile,1,4900,220
U02515,A,Mobile,0,0,220
U02516,B,Desktop,0,0,220
U02517,A,Mobile,0,0,220
U02518,A,Desktop,0,0,220
U02519,B,Mobile,0,0,220
U02520,B,Desktop,0,0,220
U02521,B,Mobile,0,0,220
U02522,A,Mobile,0,0,220
U02523,B,Desktop,0,0,220
U02524,A,Desktop,1,7900,220
U02525,A,Desktop,1,7900,220
U02526,B,Desktop,0,0,220
U02527,A,Desktop,0,0,220
U02528,A,Desktop,0,0,220
U02529,A,Mobile,0,0,220
U02530,A,Desktop,0,0,220
U02531,A,Desktop,0,0,220
U02532,B,Desktop,0,0,220
U02533,B,Desktop,0,0,220
U02534,A,Desktop,0,0,220
U02535,B,Mobile,0,0,220
U02536,A,Mobile,0,0,220
U02537,A,Mobile,0,0,220
U02538,A,Desktop,0,0,220
U02539,B,Mobile,0,0,220
U02540,B,Desktop,0,0,220
U02541,A,Mobile,0,0,220
U02542,B,Mobile,0,0,220
U02543,B,Mobile,0,0,220
U02544,B,Desktop,0,0,220
U02545,A,Desktop,0,0,220
U02546,A,Desktop,0,0,220
U02547,B,Mobile,0,0,220
U02548,B,Desktop,0,0,220
U02549,B,Mobile,0,0,220
U02550,A,Mobile,0,0,220
U02551,A,Mobile,0,0,220
U02552,B,Desktop,0,0,220
U02553,A,Desktop,0,0,220
U02554,B,Desktop,0,0,220
U02555,B,Mobile,0,0,220
U02556,A,Mobile,0,0,220
U02557,A,Mobile,0,0,220
U02558,B,Mobile,0,0,220
U02559,B,Mobile,0,0,220
U02560,B,Desktop,0,0,220
U02561,B,Desktop,0,0,220
U02562,B,Desktop,0,0,220
U02563,B,Desktop,0,0,220
U02564,A,Mobile,0,0,220
U02565,A,Mobile,0,0,220
U02566,A,Mobile,0,0,220
U02567,A,Desktop,0,0,220
U02568,A,Desktop,0,0,220
U02569,B,Desktop,0,0,220
U02570,B,Mobile,0,0,220
U02571,B,Desktop,0,0,220
U02572,B,Mobile,0,0,220
U02573,A,Mobile,1,4900,220
U02574,B,Mobile,0,0,220
U02575,A,Desktop,0,0,220
U02576,A,Mobile,0,0,220
U02577,A,Mobile,0,0,220
U02578,A,Mobile,0,0,220
U02579,A,Mobile,0,0,220
U02580,A,Mobile,0,0,220
U02581,B,Mobile,0,0,220
U02582,B,Desktop,0,0,220
U02583,A,Desktop,0,0,220
U02584,A,Desktop,0,0,220
U02585,A,Mobile,0,0,220
U02586,A,Desktop,0,0,220
U02587,A,Mobile,0,0,220
U02588,B,Mobile,0,0,220
U02589,A,Mobile,0,0,220
U02590,B,Mobile,0,0,220
U02591,B,Mobile,0,0,220
U02592,B,Desktop,0,0,220
U02593,A,Desktop,0,0,220
U02594,A,Mobile,0,0,220
U02595,B,Mobile,0,0,220
U02596,A,Desktop,0,0,220
U02597,B,Desktop,0,0,220
U02598,B,Desktop,0,0,220
U02599,A,Mobile,0,0,220
U02600,A,Mobile,0,0,220
U02601,A,Desktop,0,0,220
U02602,A,Desktop,0,0,220
U02603,B,Mobile,0,0,220
U02604,B,Desktop,0,0,220
U02605,B,Mobile,0,0,220
U02606,B,Mobile,0,0,220
U02607,A,Mobile,0,0,220
U02608,B,Mobile,0,0,220
U02609,A,Desktop,0,0,220
U02610,B,Desktop,0,0,220
U02611,B,Desktop,0,0,220
U02612,B,Desktop,1,4900,220
U02613,A,Desktop,0,0,220
U02614,A,Mobile,0,0,220
U02615,B,Desktop,0,0,220
U02616,A,Mobile,0,0,220
U02617,A,Mobile,1,9900,220
U02618,B,Desktop,0,0,220
U02619,A,Desktop,0,0,220
U02620,B,Desktop,0,0,220
U02621,A,Mobile,0,0,220
U02622,A,Desktop,0,0,220
U02623,B,Mobile,0,0,220
U02624,B,Mobile,0,0,220
U02625,A,Mobile,0,0,220
U02626,A,Desktop,0,0,220
U02627,B,Desktop,0,0,220
U02628,B,Desktop,0,0,220
U02629,A,Mobile,0,0,220
U02630,A,Desktop,0,0,220
U02631,B,Desktop,0,0,220
U02632,B,Mobile,0,0,220
U02633,A,Mobile,0,0,220
U02634,A,Desktop,0,0,220
U02635,B,Mobile,0,0,220
U02636,A,Mobile,0,0,220
U02637,B,Mobile,0,0,220
U02638,A,Desktop,0,0,220
U02639,B,Mobile,0,0,220
U02640,B,Mobile,0,0,220
U02641,B,Desktop,0,0,220
U02642,B,Mobile,0,0,220
U02643,A,Desktop,0,0,220
U02644,B,Desktop,1,9900,220
U02645,A,Mobile,1,7900,220
U02646,A,Mobile,0,0,220
U02647,B,Mobile,0,0,220
U02648,B,Mobile,1,7900,220
U02649,A,Mobile,0,0,220
U02650,B,Desktop,0,0,220
U02651,B,Mobile,0,0,220
U02652,B,Mobile,0,0,220
U02653,A,Mobile,0,0,220
U02654,A,Desktop,0,0,220
U02655,B,Mobile,0,0,220
U02656,B,Mobile,0,0,220
U02657,A,Mobile,0,0,220
U02658,A,Desktop,0,0,220
U02659,A,Mobile,0,0,220
U02660,B,Mobile,0,0,220
U02661,B,Desktop,1,7900,220
U02662,A,Mobile,0,0,220
U02663,B,Mobile,0,0,220
U02664,B,Mobile,0,0,220
U02665,A,Desktop,0,0,220
U02666,B,Mobile,0,0,220
U02667,B,Desktop,0,0,220
U02668,B,Mobile,0,0,220
U02669,B,Mobile,1,7900,220
U02670,B,Mobile,0,0,220
U02671,B,Mobile,0,0,220
U02672,B,Mobile,0,0,220
U02673,B,Desktop,1,9900,220
U02674,B,Mobile,1,4900,220
U02675,A,Mobile,0,0,220
U02676,B,Mobile,0,0,220
U02677,A,Mobile,0,0,220
U02678,A,Desktop,0,0,220
U02679,B,Desktop,0,0,220
U02680,B,Desktop,0,0,220
U02681,A,Desktop,0,0,220
U02682,B,Desktop,0,0,220
U02683,A,Mobile,0,0,220
U02684,B,Mobile,0,0,220
U02685,B,Mobile,0,0,220
U02686,B,Desktop,0,0,220
U02687,B,Desktop,1,9900,220
U02688,A,Mobile,0,0,220
U02689,B,Desktop,0,0,220
U02690,B,Desktop,0,0,220
U02691,A,Desktop,0,0,220
U02692,A,Mobile,0,0,220
U02693,B,Mobile,0,0,220
U02694,A,Mobile,0,0,220
U02695,A,Desktop,0,0,220
U02696,A,Desktop,0,0,220
U02697,B,Mobile,0,0,220
U02698,B,Desktop,0,0,220
U02699,B,Mobile,0,0,220
U02700,B,Mobile,0,0,220
U02701,A,Desktop,1,4900,220
U02702,B,Desktop,0,0,220
U02703,A,Mobile,0,0,220
U02704,B,Mobile,0,0,220
U02705,A,Desktop,0,0,220
U02706,B,Desktop,0,0,220
U02707,A,Mobile,0,0,220
U02708,A,Desktop,1,7900,220
U02709,A,Desktop,0,0,220
U02710,A,Mobile,0,0,220
U02711,B,Mobile,0,0,220
U02712,A,Mobile,0,0,220
U02713,B,Mobile,0,0,220
U02714,B,Desktop,0,0,220
U02715,A,Mobile,0,0,220
U02716,B,Desktop,0,0,220
U02717,A,Desktop,0,0,220
U02718,B,Desktop,0,0,220
U02719,B,Mobile,0,0,220
U02720,B,Mobile,0,0,220
U02721,A,Mobile,1,7900,220
U02722,B,Mobile,0,0,220
U02723,B,Mobile,0,0,220
U02724,A,Desktop,0,0,220
U02725,A,Mobile,1,4900,220
U02726,B,Mobile,0,0,220
U02727,A,Mobile,0,0,220
U02728,B,Mobile,0,0,220
U02729,B,Mobile,0,0,220
U02730,B,Mobile,0,0,220
U02731,B,Desktop,0,0,220
U02732,B,Mobile,0,0,220
U02733,B,Mobile,0,0,220
U02734,B,Mobile,0,0,220
U02735,B,Desktop,0,0,220
U02736,B,Desktop,0,0,220
U02737,B,Desktop,0,0,220
U02738,A,Desktop,0,0,220
U02739,B,Mobile,0,0,220
U02740,B,Desktop,0,0,220
U02741,A,Desktop,0,0,220
U02742,B,Mobile,0,0,220
U02743,A,Mobile,0,0,220
U02744,A,Mobile,0,0,220
U02745,A,Mobile,0,0,220
U02746,A,Desktop,0,0,220
U02747,A,Desktop,0,0,220
U02748,A,Mobile,0,0,220
U02749,A,Mobile,0,0,220
U02750,B,Mobile,1,4900,220
U02751,B,Desktop,0,0,220
U02752,B,Mobile,0,0,220
U02753,B,Desktop,1,7900,220
U02754,B,Desktop,0,0,220
U02755,B,Mobile,0,0,220
U02756,A,Mobile,0,0,220
U02757,B,Desktop,0,0,220
U02758,A,Mobile,0,0,220
U02759,A,Desktop,0,0,220
U02760,A,Desktop,0,0,220
U02761,A,Desktop,0,0,220
U02762,A,Mobile,0,0,220
U02763,A,Desktop,0,0,220
U02764,B,Mobile,1,9900,220
U02765,A,Mobile,1,4900,220
U02766,B,Mobile,0,0,220
U02767,B,Mobile,0,0,220
U02768,A,Mobile,0,0,220
U02769,A,Mobile,0,0,220
U02770,B,Mobile,0,0,220
U02771,B,Mobile,0,0,220
U02772,A,Mobile,0,0,220
U02773,A,Desktop,0,0,220
U02774,A,Desktop,0,0,220
U02775,B,Mobile,0,0,220
U02776,A,Desktop,0,0,220
U02777,A,Desktop,0,0,220
U02778,B,Desktop,0,0,220
U02779,A,Mobile,0,0,220
U02780,B,Mobile,0,0,220
U02781,A,Desktop,0,0,220
U02782,A,Mobile,0,0,220
U02783,A,Desktop,0,0,220
U02784,A,Desktop,0,0,220
U02785,B,Desktop,0,0,220
U02786,A,Desktop,0,0,220
U02787,A,Desktop,0,0,220
U02788,A,Mobile,0,0,220
U02789,A,Mobile,0,0,220
U02790,A,Mobile,0,0,220
U02791,A,Desktop,0,0,220
U02792,A,Desktop,0,0,220
U02793,A,Desktop,0,0,220
U02794,A,Desktop,0,0,220
U02795,A,Mobile,0,0,220
U02796,B,Mobile,0,0,220
U02797,B,Desktop,0,0,220
U02798,B,Desktop,0,0,220
U02799,A,Mobile,0,0,220
U02800,B,Desktop,0,0,220
U02801,A,Mobile,1,9900,220
U02802,A,Mobile,0,0,220
U02803,B,Desktop,1,7900,220
U02804,A,Desktop,0,0,220
U02805,B,Desktop,0,0,220
U02806,B,Mobile,0,0,220
U02807,A,Desktop,1,7900,220
U02808,B,Mobile,1,9900,220
U02809,B,Mobile,1,9900,220
U02810,B,Desktop,0,0,220
U02811,B,Desktop,0,0,220
U02812,B,Mobile,0,0,220
U02813,B,Mobile,1,7900,220
U02814,B,Mobile,0,0,220
U02815,B,Desktop,0,0,220
U02816,B,Mobile,0,0,220
U02817,B,Desktop,0,0,220
U02818,A,Desktop,0,0,220
U02819,A,Mobile,0,0,220
U02820,B,Mobile,0,0,220
U02821,A,Desktop,0,0,220
U02822,B,Desktop,1,7900,220
U02823,B,Desktop,0,0,220
U02824,A,Desktop,0,0,220
U02825,A,Mobile,0,0,220
U02826,A,Mobile,0,0,220
U02827,A,Mobile,1,9900,220
U02828,B,Mobile,0,0,220
U02829,A,Mobile,0,0,220
U02830,A,Mobile,0,0,220
U02831,B,Mobile,1,9900,220
U02832,B,Mobile,0,0,220
U02833,B,Mobile,0,0,220
U02834,B,Desktop,1,9900,220
U02835,A,Desktop,0,0,220
U02836,A,Desktop,0,0,220
U02837,B,Desktop,1,9900,220
U02838,A,Desktop,0,0,220
U02839,A,Desktop,0,0,220
U02840,A,Mobile,0,0,220
U02841,B,Mobile,0,0,220
U02842,A,Mobile,0,0,220
U02843,A,Mobile,1,7900,220
U02844,B,Mobile,0,0,220
U02845,B,Desktop,0,0,220
U02846,A,Mobile,0,0,220
U02847,A,Desktop,0,0,220
U02848,B,Desktop,0,0,220
U02849,A,Desktop,0,0,220
U02850,A,Desktop,0,0,220
U02851,B,Desktop,0,0,220
U02852,B,Mobile,0,0,220
U02853,A,Mobile,0,0,220
U02854,B,Desktop,1,7900,220
U02855,B,Mobile,0,0,220
U02856,B,Mobile,1,9900,220
U02857,B,Desktop,0,0,220
U02858,B,Desktop,1,4900,220
U02859,B,Desktop,0,0,220
U02860,A,Mobile,0,0,220
U02861,B,Desktop,0,0,220
U02862,B,Mobile,0,0,220
U02863,A,Mobile,0,0,220
U02864,A,Desktop,1,4900,220
U02865,B,Desktop,0,0,220
U02866,A,Desktop,1,4900,220
U02867,B,Desktop,0,0,220
U02868,B,Desktop,0,0,220
U02869,A,Desktop,0,0,220
U02870,A,Desktop,0,0,220
U02871,B,Desktop,0,0,220
U02872,A,Desktop,0,0,220
U02873,A,Mobile,1,7900,220
U02874,A,Mobile,0,0,220
U02875,B,Mobile,1,9900,220
U02876,B,Desktop,0,0,220
U02877,A,Desktop,0,0,220
U02878,A,Mobile,0,0,220
U02879,B,Mobile,0,0,220
U02880,A,Mobile,0,0,220
U02881,A,Mobile,0,0,220
U02882,B,Desktop,0,0,220
U02883,A,Mobile,0,0,220
U02884,A,Mobile,0,0,220
U02885,A,Desktop,0,0,220
U02886,A,Mobile,0,0,220
U02887,B,Desktop,0,0,220
U02888,A,Desktop,0,0,220
U02889,A,Desktop,0,0,220
U02890,B,Mobile,0,0,220
U02891,A,Desktop,0,0,220
U02892,A,Desktop,0,0,220
U02893,A,Mobile,0,0,220
U02894,B,Mobile,0,0,220
U02895,B,Mobile,0,0,220
U02896,A,Desktop,0,0,220
U02897,B,Desktop,1,9900,220
U02898,A,Desktop,0,0,220
U02899,A,Desktop,0,0,220
U02900,A,Desktop,0,0,220
U02901,B,Mobile,0,0,220
U02902,A,Desktop,0,0,220
U02903,A,Desktop,0,0,220
U02904,B,Mobile,1,9900,220
U02905,A,Desktop,0,0,220
U02906,A,Mobile,1,7900,220
U02907,B,Desktop,1,9900,220
U02908,A,Desktop,0,0,220
U02909,B,Desktop,0,0,220
U02910,A,Mobile,0,0,220
U02911,B,Desktop,0,0,220
U02912,B,Desktop,0,0,220
U02913,A,Mobile,0,0,220
U02914,B,Mobile,0,0,220
U02915,B,Mobile,1,7900,220
U02916,B,Desktop,1,4900,220
U02917,B,Desktop,1,4900,220
U02918,B,Desktop,0,0,220
U02919,A,Mobile,0,0,220
U02920,B,Desktop,0,0,220
U02921,A,Desktop,0,0,220
U02922,B,Mobile,0,0,220
U02923,B,Mobile,0,0,220
U02924,B,Desktop,0,0,220
U02925,B,Mobile,0,0,220
U02926,B,Mobile,0,0,220
U02927,B,Desktop,1,7900,220
U02928,B,Desktop,0,0,220
U02929,B,Mobile,0,0,220
U02930,B,Desktop,0,0,220
U02931,A,Mobile,1,9900,220
U02932,A,Mobile,0,0,220
U02933,B,Desktop,0,0,220
U02934,A,Mobile,0,0,220
U02935,A,Mobile,0,0,220
U02936,B,Desktop,0,0,220
U02937,A,Mobile,0,0,220
U02938,B,Desktop,0,0,220
U02939,B,Desktop,0,0,220
U02940,A,Desktop,0,0,220
U02941,A,Desktop,0,0,220
U02942,A,Desktop,0,0,220
U02943,A,Desktop,0,0,220
U02944,B,Desktop,0,0,220
U02945,B,Mobile,1,9900,220
U02946,B,Desktop,1,7900,220
U02947,A,Mobile,0,0,220
U02948,A,Mobile,0,0,220
U02949,A,Mobile,0,0,220
U02950,B,Mobile,0,0,220
U02951,A,Desktop,0,0,220
U02952,A,Desktop,0,0,220
U02953,A,Mobile,0,0,220
U02954,B,Desktop,1,7900,220
U02955,B,Desktop,0,0,220
U02956,A,Mobile,0,0,220
U02957,A,Desktop,1,7900,220
U02958,B,Mobile,0,0,220
U02959,A,Mobile,0,0,220
U02960,A,Desktop,0,0,220
U02961,A,Mobile,0,0,220
U02962,B,Desktop,1,9900,220
U02963,B,Mobile,0,0,220
U02964,B,Desktop,1,9900,220
U02965,B,Mobile,0,0,220
U02966,B,Mobile,0,0,220
U02967,B,Desktop,0,0,220
U02968,B,Mobile,0,0,220
U02969,B,Mobile,0,0,220
U02970,A,Desktop,0,0,220
U02971,B,Mobile,0,0,220
U02972,B,Desktop,0,0,220
U02973,B,Mobile,0,0,220
U02974,A,Desktop,1,4900,220
U02975,B,Desktop,0,0,220
U02976,A,Mobile,0,0,220
U02977,A,Desktop,0,0,220
U02978,B,Desktop,1,7900,220
U02979,B,Mobile,0,0,220
U02980,B,Mobile,0,0,220
U02981,A,Mobile,0,0,220
U02982,A,Mobile,0,0,220
U02983,B,Mobile,0,0,220
U02984,B,Desktop,0,0,220
U02985,B,Mobile,0,0,220
U02986,A,Desktop,0,0,220
U02987,B,Desktop,1,7900,220
U02988,A,Mobile,0,0,220
U02989,B,Mobile,0,0,220
U02990,A,Mobile,0,0,220
U02991,A,Desktop,0,0,220
U02992,B,Desktop,0,0,220
U02993,B,Desktop,0,0,220
U02994,B,Mobile,0,0,220
U02995,B,Mobile,0,0,220
U02996,B,Desktop,0,0,220
U02997,A,Desktop,0,0,220
U02998,B,Mobile,0,0,220
U02999,B,Desktop,0,0,220
U03000,A,Desktop,0,0,220
U03001,A,Mobile,0,0,220
U03002,A,Mobile,0,0,220
U03003,A,Desktop,0,0,220
U03004,A,Desktop,0,0,220
U03005,A,Mobile,0,0,220
U03006,B,Desktop,1,9900,220
U03007,A,Mobile,0,0,220
U03008,B,Mobile,0,0,220
U03009,A,Mobile,0,0,220
U03010,B,Mobile,0,0,220
U03011,B,Mobile,0,0,220
U03012,B,Desktop,0,0,220
U03013,B,Desktop,0,0,220
U03014,A,Desktop,0,0,220
U03015,B,Mobile,0,0,220
U03016,B,Mobile,0,0,220
U03017,B,Desktop,0,0,220
U03018,A,Mobile,0,0,220
U03019,A,Mobile,0,0,220
U03020,B,Desktop,0,0,220
U03021,B,Mobile,0,0,220
U03022,A,Desktop,0,0,220
U03023,B,Desktop,0,0,220
U03024,B,Mobile,0,0,220
U03025,A,Mobile,0,0,220
U03026,A,Mobile,0,0,220
U03027,B,Desktop,0,0,220
U03028,B,Desktop,0,0,220
U03029,A,Mobile,0,0,220
U03030,B,Mobile,0,0,220
U03031,A,Desktop,0,0,220
U03032,B,Mobile,0,0,220
U03033,B,Mobile,0,0,220
U03034,B,Desktop,0,0,220
U03035,B,Desktop,0,0,220
U03036,A,Mobile,0,0,220
U03037,B,Mobile,0,0,220
U03038,A,Desktop,1,7900,220
U03039,B,Desktop,0,0,220
U03040,B,Mobile,0,0,220
U03041,A,Desktop,0,0,220
U03042,B,Mobile,0,0,220
U03043,A,Desktop,0,0,220
U03044,B,Mobile,0,0,220
U03045,B,Mobile,0,0,220
U03046,A,Desktop,0,0,220
U03047,B,Desktop,0,0,220
U03048,A,Mobile,0,0,220
U03049,B,Desktop,0,0,220
U03050,B,Desktop,0,0,220
U03051,B,Desktop,0,0,220
U03052,A,Mobile,0,0,220
U03053,A,Desktop,0,0,220
U03054,B,Desktop,0,0,220
U03055,B,Mobile,1,9900,220
U03056,A,Desktop,0,0,220
U03057,B,Desktop,0,0,220
U03058,B,Mobile,0,0,220
U03059,B,Mobile,0,0,220
U03060,A,Mobile,1,4900,220
U03061,B,Desktop,1,4900,220
U03062,A,Mobile,0,0,220
U03063,A,Mobile,1,9900,220
U03064,A,Desktop,0,0,220
U03065,A,Desktop,0,0,220
U03066,A,Mobile,0,0,220
U03067,A,Mobile,0,0,220
U03068,A,Desktop,0,0,220
U03069,A,Mobile,0,0,220
U03070,B,Mobile,0,0,220
U03071,B,Desktop,0,0,220
U03072,B,Mobile,0,0,220
U03073,B,Mobile,0,0,220
U03074,A,Desktop,0,0,220
U03075,B,Mobile,0,0,220
U03076,A,Desktop,0,0,220
U03077,B,Desktop,0,0,220
U03078,B,Desktop,0,0,220
U03079,B,Desktop,0,0,220
U03080,A,Desktop,0,0,220
U03081,B,Desktop,1,7900,220
U03082,A,Mobile,0,0,220
U03083,B,Desktop,0,0,220
U03084,B,Mobile,0,0,220
U03085,A,Desktop,0,0,220
U03086,A,Desktop,0,0,220
U03087,B,Desktop,0,0,220
U03088,A,Desktop,0,0,220
U03089,A,Mobile,0,0,220
U03090,A,Mobile,0,0,220
U03091,A,Desktop,0,0,220
U03092,B,Mobile,0,0,220
U03093,B,Desktop,0,0,220
U03094,B,Mobile,0,0,220
U03095,B,Desktop,0,0,220
U03096,A,Mobile,0,0,220
U03097,A,Desktop,0,0,220
U03098,A,Mobile,0,0,220
U03099,B,Mobile,1,7900,220
U03100,A,Mobile,0,0,220
U03101,B,Mobile,0,0,220
U03102,A,Desktop,0,0,220
U03103,A,Mobile,0,0,220
U03104,B,Desktop,1,9900,220
U03105,B,Desktop,0,0,220
U03106,B,Mobile,0,0,220
U03107,A,Desktop,0,0,220
U03108,B,Mobile,0,0,220
U03109,B,Mobile,0,0,220
U03110,A,Desktop,0,0,220
U03111,B,Desktop,0,0,220
U03112,A,Desktop,0,0,220
U03113,A,Mobile,0,0,220
U03114,A,Desktop,0,0,220
U03115,B,Mobile,0,0,220
U03116,A,Desktop,0,0,220
U03117,A,Mobile,0,0,220
U03118,A,Mobile,0,0,220
U03119,A,Mobile,0,0,220
U03120,A,Desktop,1,4900,220
U03121,A,Mobile,0,0,220
U03122,B,Desktop,0,0,220
U03123,A,Desktop,0,0,220
U03124,A,Desktop,0,0,220
U03125,B,Mobile,0,0,220
U03126,B,Desktop,0,0,220
U03127,A,Desktop,0,0,220
U03128,A,Desktop,0,0,220
U03129,A,Desktop,0,0,220
U03130,A,Mobile,0,0,220
U03131,A,Desktop,0,0,220
U03132,A,Mobile,0,0,220
U03133,B,Desktop,0,0,220
U03134,A,Desktop,0,0,220
U03135,B,Mobile,0,0,220
U03136,A,Mobile,0,0,220
U03137,A,Desktop,0,0,220
U03138,B,Mobile,0,0,220
U03139,B,Desktop,0,0,220
U03140,A,Mobile,1,9900,220
U03141,A,Mobile,0,0,220
U03142,B,Mobile,0,0,220
U03143,B,Desktop,0,0,220
U03144,B,Desktop,0,0,220
U03145,A,Mobile,0,0,220
U03146,B,Desktop,1,7900,220
U03147,A,Mobile,0,0,220
U03148,B,Desktop,0,0,220
U03149,A,Desktop,0,0,220
U03150,A,Desktop,0,0,220
U03151,A,Mobile,0,0,220
U03152,B,Mobile,0,0,220
U03153,B,Desktop,0,0,220
U03154,A,Desktop,0,0,220
U03155,A,Mobile,0,0,220
U03156,A,Mobile,0,0,220
U03157,B,Desktop,0,0,220
U03158,A,Mobile,0,0,220
U03159,A,Desktop,0,0,220
U03160,B,Desktop,1,9900,220
U03161,A,Desktop,0,0,220
U03162,A,Mobile,0,0,220
U03163,B,Desktop,1,7900,220
U03164,A,Mobile,0,0,220
U03165,A,Desktop,0,0,220
U03166,B,Desktop,0,0,220
U03167,A,Desktop,1,9900,220
U03168,A,Desktop,0,0,220
U03169,B,Desktop,0,0,220
U03170,A,Desktop,0,0,220
U03171,A,Desktop,0,0,220
U03172,B,Desktop,0,0,220
U03173,B,Desktop,0,0,220
U03174,A,Desktop,0,0,220
U03175,B,Mobile,0,0,220
U03176,A,Mobile,1,9900,220
U03177,A,Desktop,0,0,220
U03178,B,Desktop,0,0,220
U03179,A,Desktop,1,7900,220
U03180,B,Desktop,0,0,220
U03181,B,Desktop,1,7900,220
U03182,B,Desktop,0,0,220
U03183,B,Desktop,0,0,220
U03184,A,Desktop,0,0,220
U03185,B,Mobile,1,9900,220
U03186,B,Desktop,0,0,220
U03187,A,Desktop,1,7900,220
U03188,B,Desktop,0,0,220
U03189,B,Mobile,0,0,220
U03190,A,Mobile,0,0,220
U03191,B,Desktop,0,0,220
U03192,A,Desktop,1,4900,220
U03193,A,Desktop,0,0,220
U03194,B,Desktop,0,0,220
U03195,A,Desktop,0,0,220
U03196,B,Mobile,0,0,220
U03197,A,Mobile,0,0,220
U03198,B,Desktop,0,0,220
U03199,A,Mobile,0,0,220
U03200,B,Desktop,0,0,220
U03201,B,Mobile,0,0,220
U03202,B,Mobile,0,0,220
U03203,A,Desktop,0,0,220
U03204,B,Mobile,1,7900,220
U03205,B,Mobile,0,0,220
U03206,B,Desktop,0,0,220
U03207,B,Desktop,0,0,220
U03208,B,Desktop,0,0,220
U03209,B,Mobile,0,0,220
U03210,B,Mobile,0,0,220
U03211,B,Desktop,0,0,220
U03212,B,Desktop,0,0,220
U03213,A,Desktop,0,0,220
U03214,A,Desktop,0,0,220
U03215,B,Desktop,0,0,220
U03216,B,Mobile,0,0,220
U03217,B,Desktop,0,0,220
U03218,B,Desktop,0,0,220
U03219,A,Mobile,0,0,220
U03220,A,Mobile,0,0,220
U03221,B,Desktop,0,0,220
U03222,B,Mobile,0,0,220
U03223,A,Mobile,0,0,220
U03224,A,Desktop,0,0,220
U03225,A,Desktop,1,7900,220
U03226,B,Desktop,0,0,220
U03227,A,Desktop,0,0,220
U03228,A,Desktop,1,4900,220
U03229,A,Mobile,0,0,220
U03230,A,Mobile,1,4900,220
U03231,B,Desktop,0,0,220
U03232,B,Desktop,0,0,220
U03233,B,Desktop,0,0,220
U03234,B,Mobile,0,0,220
U03235,A,Desktop,0,0,220
U03236,A,Mobile,0,0,220
U03237,B,Desktop,0,0,220
U03238,A,Desktop,0,0,220
U03239,B,Mobile,0,0,220
U03240,B,Desktop,0,0,220
U03241,B,Desktop,1,9900,220
U03242,B,Desktop,0,0,220
U03243,A,Desktop,0,0,220
U03244,B,Desktop,0,0,220
U03245,A,Mobile,0,0,220
U03246,A,Mobile,1,4900,220
U03247,A,Desktop,0,0,220
U03248,B,Mobile,0,0,220
U03249,B,Desktop,0,0,220
U03250,A,Desktop,0,0,220
U03251,B,Mobile,0,0,220
U03252,B,Mobile,0,0,220
U03253,B,Mobile,0,0,220
U03254,A,Mobile,0,0,220
U03255,A,Mobile,0,0,220
U03256,A,Desktop,0,0,220
U03257,B,Desktop,1,7900,220
U03258,A,Desktop,0,0,220
U03259,B,Desktop,0,0,220
U03260,A,Mobile,1,9900,220
U03261,B,Mobile,0,0,220
U03262,B,Desktop,0,0,220
U03263,A,Desktop,0,0,220
U03264,A,Mobile,0,0,220
U03265,A,Mobile,0,0,220
U03266,A,Mobile,0,0,220
U03267,A,Mobile,0,0,220
U03268,B,Desktop,0,0,220
U03269,A,Desktop,0,0,220
U03270,B,Mobile,0,0,220
U03271,A,Desktop,0,0,220
U03272,A,Mobile,0,0,220
U03273,A,Desktop,0,0,220
U03274,B,Desktop,0,0,220
U03275,B,Mobile,0,0,220
U03276,B,Desktop,0,0,220
U03277,A,Desktop,0,0,220
U03278,A,Mobile,1,7900,220
U03279,A,Desktop,0,0,220
U03280,B,Mobile,0,0,220
U03281,A,Mobile,0,0,220
U03282,A,Mobile,0,0,220
U03283,B,Mobile,0,0,220
U03284,B,Desktop,0,0,220
U03285,B,Desktop,1,4900,220
U03286,B,Desktop,0,0,220
U03287,B,Mobile,0,0,220
U03288,B,Mobile,0,0,220
U03289,B,Mobile,0,0,220
U03290,B,Desktop,0,0,220
U03291,A,Desktop,0,0,220
U03292,A,Desktop,0,0,220
U03293,A,Mobile,0,0,220
U03294,B,Desktop,0,0,220
U03295,A,Desktop,0,0,220
U03296,B,Desktop,0,0,220
U03297,B,Mobile,0,0,220
U03298,B,Desktop,0,0,220
U03299,B,Desktop,1,9900,220
U03300,A,Mobile,0,0,220
U03301,B,Mobile,1,9900,220
U03302,B,Desktop,0,0,220
U03303,A,Mobile,0,0,220
U03304,A,Mobile,0,0,220
U03305,A,Desktop,0,0,220
U03306,B,Desktop,0,0,220
U03307,A,Mobile,0,0,220
U03308,B,Desktop,0,0,220
U03309,B,Mobile,0,0,220
U03310,B,Desktop,0,0,220
U03311,B,Desktop,0,0,220
U03312,B,Desktop,0,0,220
U03313,A,Desktop,0,0,220
U03314,B,Desktop,1,9900,220
U03315,A,Desktop,0,0,220
U03316,B,Desktop,0,0,220
U03317,B,Desktop,0,0,220
U03318,A,Desktop,1,7900,220
U03319,A,Mobile,0,0,220
U03320,B,Mobile,1,4900,220
U03321,A,Desktop,1,9900,220
U03322,B,Desktop,1,4900,220
U03323,A,Mobile,0,0,220
U03324,A,Mobile,0,0,220
U03325,B,Mobile,1,4900,220
U03326,A,Desktop,0,0,220
U03327,B,Desktop,1,4900,220
U03328,B,Mobile,1,9900,220
U03329,B,Desktop,0,0,220
U03330,B,Desktop,0,0,220
U03331,B,Mobile,0,0,220
U03332,B,Desktop,0,0,220
U03333,B,Desktop,0,0,220
U03334,A,Desktop,0,0,220
U03335,A,Mobile,0,0,220
U03336,A,Mobile,0,0,220
U03337,A,Mobile,0,0,220
U03338,A,Mobile,0,0,220
U03339,B,Desktop,0,0,220
U03340,B,Mobile,0,0,220
U03341,B,Desktop,0,0,220
U03342,B,Desktop,0,0,220
U03343,B,Mobile,0,0,220
U03344,A,Mobile,0,0,220
U03345,B,Mobile,0,0,220
U03346,B,Mobile,0,0,220
U03347,A,Mobile,0,0,220
U03348,A,Desktop,0,0,220
U03349,B,Mobile,0,0,220
U03350,B,Desktop,1,4900,220
U03351,A,Mobile,0,0,220
U03352,A,Desktop,0,0,220
U03353,A,Desktop,0,0,220
U03354,B,Mobile,0,0,220
U03355,A,Desktop,0,0,220
U03356,B,Desktop,0,0,220
U03357,B,Desktop,0,0,220
U03358,B,Mobile,0,0,220
U03359,A,Desktop,0,0,220
U03360,A,Desktop,1,7900,220
U03361,B,Desktop,0,0,220
U03362,B,Desktop,0,0,220
U03363,B,Mobile,0,0,220
U03364,A,Mobile,0,0,220
U03365,A,Mobile,0,0,220
U03366,A,Desktop,1,7900,220
U03367,A,Desktop,0,0,220
U03368,B,Desktop,0,0,220
U03369,A,Desktop,0,0,220
U03370,B,Mobile,0,0,220
U03371,A,Mobile,0,0,220
U03372,A,Mobile,0,0,220
U03373,B,Mobile,0,0,220
U03374,A,Desktop,0,0,220
U03375,B,Desktop,0,0,220
U03376,A,Mobile,0,0,220
U03377,A,Mobile,0,0,220
U03378,A,Mobile,0,0,220
U03379,B,Mobile,0,0,220
U03380,A,Mobile,0,0,220
U03381,B,Mobile,0,0,220
U03382,A,Desktop,0,0,220
U03383,A,Desktop,0,0,220
U03384,A,Desktop,0,0,220
U03385,B,Mobile,0,0,220
U03386,B,Mobile,0,0,220
U03387,A,Desktop,0,0,220
U03388,A,Desktop,0,0,220
U03389,A,Desktop,0,0,220
U03390,B,Mobile,0,0,220
U03391,A,Desktop,0,0,220
U03392,B,Mobile,0,0,220
U03393,A,Desktop,0,0,220
U03394,B,Mobile,1,4900,220
U03395,A,Mobile,0,0,220
U03396,A,Mobile,0,0,220
U03397,B,Desktop,0,0,220
U03398,B,Mobile,0,0,220
U03399,B,Desktop,0,0,220
U03400,B,Mobile,0,0,220
U03401,B,Mobile,0,0,220
U03402,A,Mobile,0,0,220
U03403,A,Desktop,0,0,220
U03404,A,Mobile,1,9900,220
U03405,A,Desktop,0,0,220
U03406,A,Desktop,0,0,220
U03407,B,Desktop,1,9900,220
U03408,B,Mobile,0,0,220
U03409,B,Desktop,0,0,220
U03410,B,Mobile,0,0,220
U03411,B,Mobile,0,0,220
U03412,B,Desktop,0,0,220
U03413,B,Desktop,0,0,220
U03414,A,Mobile,0,0,220
U03415,B,Mobile,0,0,220
U03416,A,Mobile,0,0,220
U03417,B,Desktop,0,0,220
U03418,B,Mobile,0,0,220
U03419,B,Mobile,0,0,220
U03420,A,Desktop,0,0,220
U03421,A,Desktop,0,0,220
U03422,A,Mobile,0,0,220
U03423,A,Mobile,0,0,220
U03424,B,Mobile,0,0,220
U03425,A,Mobile,0,0,220
U03426,B,Desktop,0,0,220
U03427,B,Desktop,0,0,220
U03428,B,Mobile,1,4900,220
U03429,B,Desktop,0,0,220
U03430,B,Mobile,0,0,220
U03431,B,Desktop,0,0,220
U03432,A,Desktop,0,0,220
U03433,A,Mobile,0,0,220
U03434,A,Desktop,0,0,220
U03435,B,Desktop,0,0,220
U03436,B,Desktop,0,0,220
U03437,A,Mobile,0,0,220
U03438,A,Mobile,0,0,220
U03439,A,Mobile,0,0,220
U03440,A,Mobile,0,0,220
U03441,A,Mobile,0,0,220
U03442,A,Mobile,0,0,220
U03443,A,Desktop,0,0,220
U03444,A,Mobile,0,0,220
U03445,B,Mobile,0,0,220
U03446,B,Desktop,0,0,220
U03447,B,Desktop,0,0,220
U03448,B,Mobile,0,0,220
U03449,A,Mobile,0,0,220
U03450,B,Mobile,0,0,220
U03451,A,Desktop,0,0,220
U03452,A,Mobile,0,0,220
U03453,B,Mobile,0,0,220
U03454,B,Desktop,1,7900,220
U03455,A,Mobile,0,0,220
U03456,A,Mobile,0,0,220
U03457,B,Desktop,0,0,220
U03458,B,Mobile,0,0,220
U03459,B,Desktop,0,0,220
U03460,B,Desktop,0,0,220
U03461,A,Mobile,0,0,220
U03462,B,Desktop,0,0,220
U03463,B,Desktop,0,0,220
U03464,B,Mobile,0,0,220
U03465,B,Mobile,0,0,220
U03466,B,Mobile,0,0,220
U03467,A,Desktop,0,0,220
U03468,A,Desktop,0,0,220
U03469,A,Mobile,0,0,220
U03470,B,Mobile,0,0,220
U03471,A,Desktop,1,4900,220
U03472,A,Mobile,0,0,220
U03473,B,Desktop,1,4900,220
U03474,B,Mobile,0,0,220
U03475,A,Mobile,0,0,220
U03476,B,Mobile,0,0,220
U03477,A,Mobile,0,0,220
U03478,B,Desktop,0,0,220
U03479,A,Desktop,1,4900,220
U03480,A,Mobile,0,0,220
U03481,B,Desktop,0,0,220
U03482,B,Mobile,0,0,220
U03483,A,Mobile,1,4900,220
U03484,A,Mobile,0,0,220
U03485,A,Mobile,0,0,220
U03486,B,Mobile,0,0,220
U03487,A,Desktop,0,0,220
U03488,A,Mobile,1,7900,220
U03489,B,Desktop,1,4900,220
U03490,B,Mobile,1,9900,220
U03491,A,Desktop,0,0,220
U03492,A,Desktop,0,0,220
U03493,B,Desktop,0,0,220
U03494,B,Desktop,0,0,220
U03495,A,Desktop,0,0,220
U03496,A,Mobile,0,0,220
U03497,B,Mobile,0,0,220
U03498,B,Desktop,0,0,220
U03499,B,Desktop,1,9900,220
U03500,A,Mobile,0,0,220
U03501,B,Mobile,0,0,220
U03502,B,Mobile,0,0,220
U03503,B,Mobile,0,0,220
U03504,A,Mobile,0,0,220
U03505,A,Mobile,0,0,220
U03506,B,Desktop,0,0,220
U03507,B,Mobile,0,0,220
U03508,A,Mobile,0,0,220
U03509,B,Desktop,0,0,220
U03510,B,Mobile,0,0,220
U03511,A,Desktop,0,0,220
U03512,A,Desktop,0,0,220
U03513,B,Mobile,0,0,220
U03514,B,Desktop,0,0,220
U03515,B,Mobile,1,7900,220
U03516,A,Mobile,0,0,220
U03517,A,Mobile,0,0,220
U03518,B,Desktop,0,0,220
U03519,B,Desktop,0,0,220
U03520,B,Mobile,0,0,220
U03521,A,Desktop,0,0,220
U03522,A,Desktop,1,9900,220
U03523,A,Desktop,0,0,220
U03524,A,Mobile,0,0,220
U03525,B,Desktop,0,0,220
U03526,B,Mobile,0,0,220
U03527,B,Desktop,1,7900,220
U03528,B,Mobile,0,0,220
U03529,A,Mobile,0,0,220
U03530,B,Mobile,0,0,220
U03531,B,Desktop,0,0,220
U03532,A,Mobile,0,0,220
U03533,A,Desktop,0,0,220
U03534,A,Mobile,0,0,220
U03535,A,Desktop,1,9900,220
U03536,A,Desktop,1,9900,220
U03537,B,Desktop,0,0,220
U03538,A,Desktop,0,0,220
U03539,A,Desktop,0,0,220
U03540,A,Desktop,0,0,220
U03541,A,Mobile,0,0,220
U03542,A,Desktop,0,0,220
U03543,B,Mobile,0,0,220
U03544,A,Mobile,0,0,220
U03545,A,Mobile,0,0,220
U03546,B,Desktop,0,0,220
U03547,A,Desktop,0,0,220
U03548,B,Desktop,0,0,220
U03549,B,Mobile,0,0,220
U03550,A,Mobile,0,0,220
U03551,B,Desktop,0,0,220
U03552,B,Desktop,0,0,220
U03553,A,Desktop,0,0,220
U03554,B,Mobile,0,0,220
U03555,A,Desktop,0,0,220
U03556,B,Desktop,1,7900,220
U03557,B,Mobile,0,0,220
U03558,A,Desktop,0,0,220
U03559,A,Mobile,0,0,220
U03560,B,Desktop,0,0,220
U03561,A,Desktop,0,0,220
U03562,B,Desktop,0,0,220
U03563,B,Desktop,0,0,220
U03564,A,Mobile,0,0,220
U03565,A,Mobile,0,0,220
U03566,B,Desktop,0,0,220
U03567,A,Mobile,0,0,220
U03568,B,Desktop,0,0,220
U03569,A,Mobile,0,0,220
U03570,A,Mobile,0,0,220
U03571,B,Desktop,0,0,220
U03572,B,Mobile,0,0,220
U03573,B,Mobile,0,0,220
U03574,B,Mobile,0,0,220
U03575,A,Desktop,0,0,220
U03576,B,Desktop,0,0,220
U03577,A,Mobile,0,0,220
U03578,B,Mobile,0,0,220
U03579,B,Mobile,0,0,220
U03580,A,Mobile,0,0,220
U03581,B,Mobile,0,0,220
U03582,B,Mobile,0,0,220
U03583,A,Mobile,0,0,220
U03584,B,Mobile,0,0,220
U03585,B,Mobile,0,0,220
U03586,A,Desktop,0,0,220
U03587,A,Mobile,0,0,220
U03588,B,Desktop,0,0,220
U03589,B,Desktop,0,0,220
U03590,A,Desktop,1,9900,220
U03591,A,Mobile,0,0,220
U03592,B,Desktop,0,0,220
U03593,A,Desktop,0,0,220
U03594,A,Mobile,0,0,220
U03595,B,Desktop,1,9900,220
U03596,B,Mobile,0,0,220
U03597,B,Mobile,0,0,220
U03598,B,Desktop,1,7900,220
U03599,B,Mobile,0,0,220
U03600,B,Desktop,0,0,220
U03601,A,Desktop,0,0,220
U03602,B,Mobile,0,0,220
U03603,A,Desktop,1,9900,220
U03604,A,Desktop,0,0,220
U03605,A,Mobile,0,0,220
U03606,B,Mobile,0,0,220
U03607,A,Mobile,0,0,220
U03608,A,Mobile,0,0,220
U03609,A,Mobile,0,0,220
U03610,A,Desktop,0,0,220
U03611,A,Mobile,0,0,220
U03612,B,Mobile,0,0,220
U03613,B,Mobile,0,0,220
U03614,A,Mobile,1,7900,220
U03615,B,Desktop,1,4900,220
U03616,B,Desktop,0,0,220
U03617,A,Mobile,0,0,220
U03618,A,Mobile,0,0,220
U03619,A,Desktop,0,0,220
U03620,A,Desktop,0,0,220
U03621,B,Mobile,0,0,220
U03622,A,Mobile,0,0,220
U03623,B,Mobile,1,7900,220
U03624,A,Desktop,0,0,220
U03625,B,Desktop,1,9900,220
U03626,B,Desktop,1,9900,220
U03627,A,Desktop,0,0,220
U03628,B,Desktop,0,0,220
U03629,A,Mobile,0,0,220
U03630,B,Desktop,0,0,220
U03631,B,Desktop,0,0,220
U03632,B,Desktop,0,0,220
U03633,B,Desktop,0,0,220
U03634,B,Mobile,0,0,220
U03635,B,Mobile,0,0,220
U03636,B,Desktop,0,0,220
U03637,B,Desktop,0,0,220
U03638,A,Mobile,0,0,220
U03639,B,Mobile,0,0,220
U03640,B,Mobile,1,7900,220
U03641,A,Desktop,0,0,220
U03642,A,Desktop,0,0,220
U03643,B,Mobile,0,0,220
U03644,A,Mobile,0,0,220
U03645,A,Desktop,0,0,220
U03646,A,Desktop,0,0,220
U03647,B,Desktop,0,0,220
U03648,B,Desktop,0,0,220
U03649,B,Desktop,0,0,220
U03650,B,Desktop,0,0,220
U03651,A,Mobile,0,0,220
U03652,B,Mobile,0,0,220
U03653,B,Mobile,0,0,220
U03654,A,Mobile,0,0,220
U03655,B,Mobile,0,0,220
U03656,B,Mobile,0,0,220
U03657,B,Mobile,0,0,220
U03658,B,Mobile,0,0,220
U03659,A,Desktop,0,0,220
U03660,B,Desktop,0,0,220
U03661,B,Desktop,0,0,220
U03662,A,Mobile,0,0,220
U03663,A,Mobile,0,0,220
U03664,A,Mobile,0,0,220
U03665,B,Desktop,0,0,220
U03666,A,Desktop,1,4900,220
U03667,A,Mobile,0,0,220
U03668,A,Desktop,0,0,220
U03669,B,Desktop,0,0,220
U03670,B,Mobile,0,0,220
U03671,A,Desktop,0,0,220
U03672,B,Desktop,0,0,220
U03673,B,Desktop,0,0,220
U03674,B,Desktop,0,0,220
U03675,B,Desktop,0,0,220
U03676,A,Desktop,0,0,220
U03677,A,Desktop,0,0,220
U03678,A,Mobile,1,7900,220
U03679,A,Mobile,0,0,220
U03680,B,Mobile,0,0,220
U03681,A,Desktop,0,0,220
U03682,B,Desktop,0,0,220
U03683,A,Mobile,0,0,220
U03684,B,Mobile,1,7900,220
U03685,A,Mobile,0,0,220
U03686,A,Desktop,0,0,220
U03687,A,Mobile,0,0,220
U03688,A,Desktop,0,0,220
U03689,A,Mobile,0,0,220
U03690,B,Desktop,0,0,220
U03691,B,Mobile,0,0,220
U03692,B,Desktop,0,0,220
U03693,A,Mobile,0,0,220
U03694,A,Desktop,0,0,220
U03695,B,Desktop,0,0,220
U03696,A,Mobile,0,0,220
U03697,A,Desktop,0,0,220
U03698,A,Desktop,1,9900,220
U03699,A,Desktop,0,0,220
U03700,A,Mobile,0,0,220
U03701,B,Mobile,0,0,220
U03702,B,Mobile,1,9900,220
U03703,A,Desktop,1,9900,220
U03704,A,Desktop,0,0,220
U03705,A,Mobile,0,0,220
U03706,A,Desktop,0,0,220
U03707,A,Mobile,0,0,220
U03708,A,Mobile,0,0,220
U03709,A,Mobile,0,0,220
U03710,B,Mobile,0,0,220
U03711,A,Desktop,0,0,220
U03712,B,Mobile,0,0,220
U03713,A,Desktop,0,0,220
U03714,A,Desktop,0,0,220
U03715,B,Mobile,0,0,220
U03716,A,Desktop,0,0,220
U03717,A,Desktop,0,0,220
U03718,B,Desktop,0,0,220
U03719,B,Mobile,0,0,220
U03720,B,Mobile,0,0,220
U03721,A,Mobile,1,9900,220
U03722,A,Mobile,1,7900,220
U03723,B,Mobile,0,0,220
U03724,B,Mobile,0,0,220
U03725,A,Mobile,0,0,220
U03726,A,Mobile,0,0,220
U03727,B,Mobile,0,0,220
U03728,B,Mobile,0,0,220
U03729,B,Desktop,0,0,220
U03730,A,Desktop,1,9900,220
U03731,A,Mobile,0,0,220
U03732,B,Mobile,0,0,220
U03733,B,Desktop,0,0,220
U03734,A,Desktop,1,4900,220
U03735,B,Mobile,0,0,220
U03736,B,Mobile,0,0,220
U03737,B,Mobile,0,0,220
U03738,B,Desktop,0,0,220
U03739,A,Desktop,0,0,220
U03740,B,Mobile,0,0,220
U03741,A,Mobile,0,0,220
U03742,A,Mobile,0,0,220
U03743,A,Mobile,0,0,220
U03744,B,Mobile,0,0,220
U03745,B,Desktop,0,0,220
U03746,B,Mobile,0,0,220
U03747,B,Desktop,0,0,220
U03748,A,Desktop,0,0,220
U03749,A,Desktop,0,0,220
U03750,A,Mobile,0,0,220
U03751,B,Mobile,0,0,220
U03752,A,Mobile,0,0,220
U03753,B,Desktop,0,0,220
U03754,B,Mobile,1,7900,220
U03755,B,Mobile,0,0,220
U03756,A,Desktop,0,0,220
U03757,B,Mobile,0,0,220
U03758,A,Mobile,1,4900,220
U03759,B,Desktop,0,0,220
U03760,A,Mobile,0,0,220
U03761,A,Desktop,0,0,220
U03762,B,Desktop,0,0,220
U03763,A,Mobile,0,0,220
U03764,B,Desktop,0,0,220
U03765,B,Desktop,1,7900,220
U03766,B,Mobile,0,0,220
U03767,A,Mobile,0,0,220
U03768,B,Desktop,0,0,220
U03769,A,Desktop,0,0,220
U03770,B,Desktop,0,0,220
U03771,B,Desktop,0,0,220
U03772,B,Mobile,0,0,220
U03773,A,Mobile,0,0,220
U03774,A,Mobile,0,0,220
U03775,A,Desktop,0,0,220
U03776,B,Desktop,0,0,220
U03777,A,Mobile,0,0,220
U03778,B,Mobile,0,0,220
U03779,A,Mobile,0,0,220
U03780,B,Mobile,0,0,220
U03781,B,Mobile,0,0,220
U03782,A,Mobile,0,0,220
U03783,B,Mobile,0,0,220
U03784,A,Desktop,0,0,220
U03785,B,Desktop,0,0,220
U03786,B,Desktop,0,0,220
U03787,A,Desktop,0,0,220
U03788,A,Desktop,0,0,220
U03789,A,Desktop,0,0,220
U03790,B,Mobile,0,0,220
U03791,A,Desktop,0,0,220
U03792,A,Desktop,0,0,220
U03793,B,Mobile,0,0,220
U03794,B,Mobile,0,0,220
U03795,B,Desktop,0,0,220
U03796,A,Desktop,0,0,220
U03797,A,Desktop,0,0,220
U03798,A,Mobile,0,0,220
U03799,B,Desktop,0,0,220
U03800,B,Mobile,0,0,220
U03801,A,Mobile,0,0,220
U03802,B,Mobile,0,0,220
U03803,B,Desktop,0,0,220
U03804,B,Mobile,0,0,220
U03805,A,Mobile,0,0,220
U03806,A,Desktop,0,0,220
U03807,B,Mobile,0,0,220
U03808,A,Desktop,0,0,220
U03809,A,Mobile,0,0,220
U03810,B,Mobile,0,0,220
U03811,B,Desktop,0,0,220
U03812,A,Desktop,0,0,220
U03813,B,Desktop,0,0,220
U03814,A,Mobile,1,7900,220
U03815,B,Mobile,0,0,220
U03816,B,Desktop,0,0,220
U03817,B,Mobile,0,0,220
U03818,A,Desktop,0,0,220
U03819,B,Desktop,0,0,220
U03820,A,Mobile,0,0,220
U03821,A,Desktop,0,0,220
U03822,B,Desktop,0,0,220
U03823,A,Mobile,0,0,220
U03824,B,Mobile,0,0,220
U03825,A,Mobile,0,0,220
U03826,A,Mobile,0,0,220
U03827,A,Desktop,0,0,220
U03828,A,Desktop,0,0,220
U03829,A,Mobile,0,0,220
U03830,A,Mobile,0,0,220
U03831,A,Mobile,0,0,220
U03832,A,Mobile,0,0,220
U03833,B,Desktop,0,0,220
U03834,A,Desktop,0,0,220
U03835,A,Desktop,0,0,220
U03836,A,Mobile,0,0,220
U03837,B,Desktop,0,0,220
U03838,B,Mobile,0,0,220
U03839,A,Desktop,0,0,220
U03840,A,Desktop,0,0,220
U03841,B,Desktop,0,0,220
U03842,B,Desktop,0,0,220
U03843,B,Mobile,0,0,220
U03844,B,Mobile,0,0,220
U03845,A,Mobile,0,0,220
U03846,A,Mobile,0,0,220
U03847,B,Desktop,0,0,220
U03848,A,Desktop,0,0,220
U03849,B,Desktop,1,7900,220
U03850,B,Mobile,0,0,220
U03851,B,Desktop,1,7900,220
U03852,B,Mobile,0,0,220
U03853,B,Mobile,0,0,220
U03854,A,Mobile,0,0,220
U03855,B,Desktop,0,0,220
U03856,B,Mobile,0,0,220
U03857,A,Mobile,0,0,220
U03858,A,Mobile,0,0,220
U03859,A,Desktop,0,0,220
U03860,B,Mobile,0,0,220
U03861,A,Desktop,0,0,220
U03862,B,Desktop,0,0,220
U03863,A,Mobile,0,0,220
U03864,B,Desktop,0,0,220
U03865,A,Mobile,0,0,220
U03866,A,Desktop,0,0,220
U03867,A,Desktop,0,0,220
U03868,A,Mobile,0,0,220
U03869,A,Mobile,0,0,220
U03870,B,Mobile,0,0,220
U03871,A,Mobile,0,0,220
U03872,A,Mobile,0,0,220
U03873,A,Desktop,0,0,220
U03874,B,Desktop,0,0,220
U03875,A,Desktop,0,0,220
U03876,B,Mobile,1,9900,220
U03877,A,Desktop,0,0,220
U03878,A,Mobile,0,0,220
U03879,B,Mobile,0,0,220
U03880,B,Mobile,0,0,220
U03881,A,Desktop,1,7900,220
U03882,A,Desktop,0,0,220
U03883,A,Mobile,0,0,220
U03884,B,Desktop,0,0,220
U03885,B,Desktop,0,0,220
U03886,B,Desktop,0,0,220
U03887,B,Mobile,0,0,220
U03888,B,Mobile,0,0,220
U03889,A,Desktop,1,7900,220
U03890,B,Mobile,0,0,220
U03891,A,Desktop,0,0,220
U03892,B,Desktop,0,0,220
U03893,A,Mobile,0,0,220
U03894,B,Mobile,0,0,220
U03895,B,Desktop,1,4900,220
U03896,B,Mobile,1,4900,220
U03897,A,Mobile,0,0,220
U03898,A,Mobile,1,4900,220
U03899,A,Mobile,0,0,220
U03900,A,Mobile,0,0,220
U03901,A,Mobile,0,0,220
U03902,A,Desktop,0,0,220
U03903,B,Mobile,0,0,220
U03904,A,Mobile,0,0,220
U03905,B,Desktop,0,0,220
U03906,A,Mobile,0,0,220
U03907,B,Desktop,0,0,220
U03908,B,Mobile,0,0,220
U03909,A,Desktop,0,0,220
U03910,B,Desktop,0,0,220
U03911,B,Desktop,0,0,220
U03912,A,Mobile,0,0,220
U03913,A,Mobile,0,0,220
U03914,B,Mobile,0,0,220
U03915,B,Mobile,0,0,220
U03916,A,Desktop,0,0,220
U03917,A,Mobile,1,4900,220
U03918,B,Mobile,0,0,220
U03919,A,Mobile,0,0,220
U03920,A,Mobile,1,4900,220
U03921,A,Desktop,0,0,220
U03922,A,Mobile,0,0,220
U03923,A,Desktop,1,9900,220
U03924,B,Mobile,0,0,220
U03925,A,Desktop,0,0,220
U03926,A,Desktop,0,0,220
U03927,B,Mobile,0,0,220
U03928,A,Desktop,1,7900,220
U03929,B,Mobile,1,9900,220
U03930,A,Desktop,0,0,220
U03931,A,Mobile,1,7900,220
U03932,B,Desktop,1,9900,220
U03933,B,Desktop,0,0,220
U03934,A,Mobile,0,0,220
U03935,A,Mobile,0,0,220
U03936,A,Mobile,0,0,220
U03937,A,Mobile,0,0,220
U03938,B,Mobile,0,0,220
U03939,A,Desktop,0,0,220
U03940,B,Mobile,1,7900,220
U03941,B,Mobile,0,0,220
U03942,A,Mobile,0,0,220
U03943,A,Desktop,0,0,220
U03944,B,Desktop,0,0,220
U03945,B,Mobile,0,0,220
U03946,B,Mobile,0,0,220
U03947,A,Desktop,0,0,220
U03948,A,Desktop,0,0,220
U03949,B,Desktop,0,0,220
U03950,B,Desktop,0,0,220
U03951,A,Desktop,0,0,220
U03952,B,Desktop,0,0,220
U03953,B,Mobile,0,0,220
U03954,B,Mobile,0,0,220
U03955,A,Mobile,0,0,220
U03956,B,Mobile,0,0,220
U03957,B,Mobile,0,0,220
U03958,A,Mobile,0,0,220
U03959,A,Mobile,1,9900,220
U03960,A,Mobile,0,0,220
U03961,B,Mobile,0,0,220
U03962,A,Mobile,0,0,220
U03963,B,Mobile,0,0,220
U03964,B,Desktop,1,4900,220
U03965,A,Mobile,0,0,220
U03966,B,Mobile,0,0,220
U03967,B,Mobile,0,0,220
U03968,B,Mobile,0,0,220
U03969,B,Desktop,0,0,220
U03970,A,Desktop,0,0,220
U03971,A,Desktop,0,0,220
U03972,B,Mobile,0,0,220
U03973,B,Mobile,0,0,220
U03974,B,Mobile,0,0,220
U03975,A,Desktop,0,0,220
U03976,B,Mobile,0,0,220
U03977,B,Mobile,0,0,220
U03978,A,Mobile,0,0,220
U03979,B,Desktop,0,0,220
U03980,A,Mobile,0,0,220
U03981,B,Desktop,0,0,220
U03982,B,Desktop,1,4900,220
U03983,A,Desktop,0,0,220
U03984,A,Mobile,0,0,220
U03985,A,Mobile,0,0,220
U03986,B,Desktop,0,0,220
U03987,A,Desktop,0,0,220
U03988,A,Desktop,0,0,220
U03989,B,Mobile,0,0,220
U03990,B,Mobile,0,0,220
U03991,A,Desktop,0,0,220
U03992,B,Desktop,0,0,220
U03993,A,Mobile,0,0,220
U03994,B,Mobile,0,0,220
U03995,B,Desktop,0,0,220
U03996,B,Desktop,0,0,220
U03997,B,Mobile,1,9900,220
U03998,B,Mobile,0,0,220
U03999,B,Desktop,1,7900,220
U04000,A,Mobile,0,0,220
U04001,A,Mobile,0,0,220
U04002,A,Desktop,0,0,220
U04003,B,Mobile,0,0,220
U04004,A,Desktop,0,0,220
U04005,B,Mobile,0,0,220
U04006,A,Mobile,0,0,220
U04007,B,Mobile,0,0,220
U04008,A,Mobile,0,0,220
U04009,B,Mobile,0,0,220
U04010,A,Mobile,0,0,220
U04011,B,Desktop,1,4900,220
U04012,B,Mobile,0,0,220
U04013,A,Mobile,0,0,220
U04014,A,Desktop,0,0,220
U04015,B,Mobile,0,0,220
U04016,B,Mobile,0,0,220
U04017,B,Desktop,0,0,220
U04018,A,Mobile,1,9900,220
U04019,A,Desktop,0,0,220
U04020,B,Mobile,0,0,220
U04021,A,Desktop,0,0,220
U04022,B,Desktop,0,0,220
U04023,B,Mobile,1,9900,220
U04024,A,Desktop,0,0,220
U04025,B,Mobile,0,0,220
U04026,B,Mobile,1,9900,220
U04027,A,Mobile,0,0,220
U04028,B,Mobile,0,0,220
U04029,A,Mobile,0,0,220
U04030,B,Desktop,0,0,220
U04031,B,Mobile,0,0,220
U04032,B,Mobile,0,0,220
U04033,B,Desktop,0,0,220
U04034,A,Desktop,0,0,220
U04035,A,Desktop,0,0,220
U04036,A,Mobile,0,0,220
U04037,A,Mobile,0,0,220
U04038,B,Desktop,0,0,220
U04039,A,Mobile,0,0,220
U04040,A,Desktop,0,0,220
U04041,B,Mobile,0,0,220
U04042,B,Mobile,0,0,220
U04043,A,Mobile,0,0,220
U04044,B,Desktop,0,0,220
U04045,A,Desktop,0,0,220
U04046,B,Mobile,0,0,220
U04047,A,Desktop,0,0,220
U04048,B,Mobile,0,0,220
U04049,A,Desktop,0,0,220
U04050,A,Desktop,0,0,220
U04051,B,Mobile,1,7900,220
U04052,A,Mobile,1,7900,220
U04053,A,Desktop,1,7900,220
U04054,A,Desktop,1,7900,220
U04055,A,Desktop,0,0,220
U04056,A,Mobile,0,0,220
U04057,A,Mobile,0,0,220
U04058,B,Mobile,0,0,220
U04059,B,Mobile,0,0,220
U04060,A,Desktop,1,7900,220
U04061,B,Mobile,0,0,220
U04062,A,Mobile,0,0,220
U04063,B,Desktop,0,0,220
U04064,B,Desktop,0,0,220
U04065,A,Mobile,0,0,220
U04066,A,Mobile,0,0,220
U04067,B,Mobile,0,0,220
U04068,B,Desktop,0,0,220
U04069,A,Desktop,0,0,220
U04070,B,Desktop,0,0,220
U04071,B,Mobile,0,0,220
U04072,B,Desktop,0,0,220
U04073,B,Desktop,0,0,220
U04074,B,Desktop,0,0,220
U04075,A,Mobile,0,0,220
U04076,A,Mobile,0,0,220
U04077,B,Mobile,0,0,220
U04078,A,Desktop,0,0,220
U04079,B,Desktop,0,0,220
U04080,B,Mobile,1,9900,220
U04081,A,Mobile,0,0,220
U04082,A,Desktop,0,0,220
U04083,B,Desktop,0,0,220
U04084,B,Mobile,0,0,220
U04085,A,Mobile,0,0,220
U04086,B,Desktop,0,0,220
U04087,A,Desktop,1,9900,220
U04088,B,Mobile,0,0,220
U04089,B,Mobile,0,0,220
U04090,A,Mobile,0,0,220
U04091,B,Desktop,0,0,220
U04092,A,Mobile,0,0,220
U04093,A,Desktop,0,0,220
U04094,A,Mobile,0,0,220
U04095,B,Mobile,1,4900,220
U04096,B,Mobile,0,0,220
U04097,B,Mobile,0,0,220
U04098,A,Desktop,0,0,220
U04099,A,Desktop,1,9900,220
U04100,B,Desktop,0,0,220
U04101,A,Desktop,0,0,220
U04102,A,Mobile,0,0,220
U04103,A,Desktop,1,7900,220
U04104,B,Desktop,0,0,220
U04105,B,Mobile,1,9900,220
U04106,A,Mobile,0,0,220
U04107,B,Mobile,0,0,220
U04108,A,Desktop,0,0,220
U04109,A,Desktop,0,0,220
U04110,A,Mobile,0,0,220
U04111,B,Mobile,0,0,220
U04112,B,Mobile,0,0,220
U04113,B,Desktop,0,0,220
U04114,A,Mobile,1,7900,220
U04115,B,Mobile,0,0,220
U04116,B,Mobile,1,9900,220
U04117,B,Mobile,1,4900,220
U04118,A,Desktop,0,0,220
U04119,B,Desktop,0,0,220
U04120,A,Mobile,1,4900,220
U04121,B,Desktop,1,4900,220
U04122,B,Desktop,0,0,220
U04123,A,Mobile,0,0,220
U04124,B,Desktop,0,0,220
U04125,B,Desktop,1,9900,220
U04126,B,Mobile,0,0,220
U04127,A,Mobile,0,0,220
U04128,A,Mobile,0,0,220
U04129,A,Desktop,0,0,220
U04130,A,Mobile,0,0,220
U04131,A,Desktop,0,0,220
U04132,B,Desktop,0,0,220
U04133,A,Mobile,0,0,220
U04134,A,Desktop,0,0,220
U04135,A,Mobile,0,0,220
U04136,A,Desktop,0,0,220
U04137,A,Mobile,0,0,220
U04138,B,Mobile,0,0,220
U04139,A,Desktop,0,0,220
U04140,A,Desktop,0,0,220
U04141,B,Desktop,0,0,220
U04142,B,Mobile,0,0,220
U04143,B,Desktop,0,0,220
U04144,B,Mobile,0,0,220
U04145,A,Mobile,0,0,220
U04146,B,Mobile,0,0,220
U04147,B,Mobile,0,0,220
U04148,A,Desktop,1,9900,220
U04149,A,Mobile,0,0,220
U04150,A,Desktop,0,0,220
U04151,B,Desktop,1,4900,220
U04152,A,Mobile,0,0,220
U04153,A,Desktop,0,0,220
U04154,A,Mobile,1,7900,220
U04155,B,Desktop,0,0,220
U04156,B,Desktop,0,0,220
U04157,B,Mobile,1,9900,220
U04158,A,Desktop,1,7900,220
U04159,A,Mobile,0,0,220
U04160,A,Desktop,0,0,220
U04161,A,Mobile,0,0,220
U04162,B,Mobile,0,0,220
U04163,A,Mobile,0,0,220
U04164,B,Desktop,0,0,220
U04165,A,Mobile,0,0,220
U04166,B,Mobile,0,0,220
U04167,A,Mobile,0,0,220
U04168,A,Desktop,0,0,220
U04169,A,Desktop,0,0,220
U04170,A,Mobile,0,0,220
U04171,A,Mobile,0,0,220
U04172,B,Mobile,0,0,220
U04173,B,Desktop,1,9900,220
U04174,A,Mobile,0,0,220
U04175,A,Mobile,0,0,220
U04176,A,Mobile,0,0,220
U04177,B,Mobile,0,0,220
U04178,A,Desktop,0,0,220
U04179,A,Mobile,0,0,220
U04180,B,Desktop,1,4900,220
U04181,B,Desktop,0,0,220
U04182,B,Desktop,1,4900,220
U04183,A,Mobile,0,0,220
U04184,A,Mobile,0,0,220
U04185,A,Mobile,0,0,220
U04186,B,Desktop,0,0,220
U04187,A,Mobile,0,0,220
U04188,A,Mobile,0,0,220
U04189,B,Mobile,1,7900,220
U04190,B,Mobile,0,0,220
U04191,A,Mobile,0,0,220
U04192,B,Desktop,0,0,220
U04193,B,Mobile,0,0,220
U04194,B,Mobile,0,0,220
U04195,A,Mobile,0,0,220
U04196,A,Desktop,0,0,220
U04197,A,Mobile,0,0,220
U04198,B,Mobile,1,7900,220
U04199,B,Mobile,0,0,220
U04200,A,Desktop,0,0,220
U04201,A,Desktop,0,0,220
U04202,B,Desktop,0,0,220
U04203,A,Desktop,0,0,220
U04204,B,Desktop,0,0,220
U04205,B,Mobile,0,0,220
U04206,B,Desktop,0,0,220
U04207,B,Desktop,1,9900,220
U04208,A,Desktop,0,0,220
U04209,B,Desktop,0,0,220
U04210,A,Desktop,0,0,220
U04211,B,Desktop,0,0,220
U04212,B,Mobile,1,9900,220
U04213,B,Desktop,1,4900,220
U04214,B,Desktop,0,0,220
U04215,B,Mobile,0,0,220
U04216,B,Mobile,0,0,220
U04217,A,Desktop,0,0,220
U04218,B,Mobile,1,4900,220
U04219,A,Desktop,0,0,220
U04220,A,Mobile,0,0,220
U04221,A,Mobile,0,0,220
U04222,B,Mobile,0,0,220
U04223,A,Desktop,0,0,220
U04224,B,Desktop,0,0,220
U04225,A,Desktop,1,4900,220
U04226,A,Mobile,0,0,220
U04227,B,Desktop,0,0,220
U04228,B,Desktop,0,0,220
U04229,B,Mobile,1,4900,220
U04230,A,Mobile,0,0,220
U04231,B,Mobile,1,4900,220
U04232,B,Desktop,0,0,220
U04233,B,Desktop,0,0,220
U04234,A,Mobile,0,0,220
U04235,A,Desktop,0,0,220
U04236,B,Mobile,0,0,220
U04237,A,Desktop,0,0,220
U04238,A,Mobile,0,0,220
U04239,B,Mobile,0,0,220
U04240,A,Mobile,0,0,220
U04241,B,Desktop,0,0,220
U04242,A,Desktop,0,0,220
U04243,A,Desktop,0,0,220
U04244,A,Desktop,0,0,220
U04245,A,Desktop,1,7900,220
U04246,B,Desktop,0,0,220
U04247,A,Mobile,0,0,220
U04248,A,Mobile,0,0,220
U04249,A,Desktop,0,0,220
U04250,B,Mobile,0,0,220
U04251,A,Desktop,0,0,220
U04252,A,Mobile,0,0,220
U04253,A,Desktop,0,0,220
U04254,B,Mobile,0,0,220
U04255,B,Desktop,0,0,220
U04256,B,Desktop,0,0,220
U04257,A,Mobile,1,4900,220
U04258,A,Mobile,0,0,220
U04259,B,Mobile,0,0,220
U04260,A,Desktop,0,0,220
U04261,A,Mobile,0,0,220
U04262,A,Desktop,1,9900,220
U04263,B,Desktop,0,0,220
U04264,B,Mobile,0,0,220
U04265,A,Mobile,0,0,220
U04266,A,Desktop,1,9900,220
U04267,A,Desktop,0,0,220
U04268,B,Desktop,0,0,220
U04269,B,Desktop,1,9900,220
U04270,A,Mobile,0,0,220
U04271,B,Desktop,1,9900,220
U04272,A,Desktop,1,9900,220
U04273,B,Desktop,0,0,220
U04274,B,Desktop,0,0,220
U04275,A,Desktop,1,7900,220
U04276,A,Mobile,0,0,220
U04277,B,Mobile,0,0,220
U04278,A,Mobile,0,0,220
U04279,A,Desktop,0,0,220
U04280,B,Mobile,0,0,220
U04281,B,Mobile,0,0,220
U04282,B,Desktop,1,4900,220
U04283,A,Mobile,0,0,220
U04284,B,Desktop,1,4900,220
U04285,A,Mobile,0,0,220
U04286,B,Mobile,0,0,220
U04287,B,Mobile,0,0,220
U04288,A,Mobile,0,0,220
U04289,B,Desktop,0,0,220
U04290,B,Desktop,0,0,220
U04291,B,Mobile,0,0,220
U04292,A,Desktop,0,0,220
U04293,A,Mobile,0,0,220
U04294,B,Mobile,0,0,220
U04295,B,Desktop,0,0,220
U04296,B,Mobile,1,9900,220
U04297,A,Mobile,1,7900,220
U04298,A,Mobile,0,0,220
U04299,B,Mobile,0,0,220
U04300,A,Desktop,0,0,220
U04301,B,Desktop,0,0,220
U04302,B,Desktop,1,9900,220
U04303,A,Desktop,0,0,220
U04304,A,Desktop,0,0,220
U04305,B,Desktop,0,0,220
U04306,B,Mobile,0,0,220
U04307,A,Mobile,1,7900,220
U04308,B,Desktop,0,0,220
U04309,A,Mobile,0,0,220
U04310,A,Mobile,0,0,220
U04311,B,Desktop,0,0,220
U04312,A,Mobile,0,0,220
U04313,A,Desktop,0,0,220
U04314,B,Mobile,0,0,220
U04315,B,Mobile,0,0,220
U04316,B,Desktop,0,0,220
U04317,B,Mobile,0,0,220
U04318,B,Desktop,0,0,220
U04319,B,Mobile,0,0,220
U04320,B,Mobile,0,0,220
U04321,A,Desktop,0,0,220
U04322,B,Mobile,0,0,220
U04323,A,Desktop,1,7900,220
U04324,B,Desktop,0,0,220
U04325,A,Desktop,0,0,220
U04326,A,Mobile,0,0,220
U04327,B,Mobile,0,0,220
U04328,B,Desktop,1,4900,220
U04329,A,Desktop,0,0,220
U04330,B,Mobile,0,0,220
U04331,A,Desktop,0,0,220
U04332,B,Desktop,0,0,220
U04333,A,Mobile,0,0,220
U04334,B,Desktop,0,0,220
U04335,A,Desktop,0,0,220
U04336,B,Mobile,0,0,220
U04337,A,Mobile,0,0,220
U04338,A,Mobile,0,0,220
U04339,B,Mobile,0,0,220
U04340,A,Desktop,1,9900,220
U04341,B,Mobile,0,0,220
U04342,B,Desktop,0,0,220
U04343,B,Mobile,0,0,220
U04344,B,Desktop,0,0,220
U04345,B,Mobile,0,0,220
U04346,A,Desktop,0,0,220
U04347,B,Mobile,0,0,220
U04348,B,Desktop,0,0,220
U04349,B,Desktop,0,0,220
U04350,A,Desktop,0,0,220
U04351,B,Mobile,0,0,220
U04352,A,Desktop,0,0,220
U04353,B,Desktop,0,0,220
U04354,A,Desktop,0,0,220
U04355,B,Mobile,0,0,220
U04356,A,Mobile,0,0,220
U04357,B,Desktop,0,0,220
U04358,B,Desktop,0,0,220
U04359,B,Mobile,0,0,220
U04360,A,Mobile,0,0,220
U04361,B,Desktop,0,0,220
U04362,A,Desktop,0,0,220
U04363,A,Desktop,0,0,220
U04364,A,Mobile,0,0,220
U04365,B,Desktop,0,0,220
U04366,A,Mobile,0,0,220
U04367,B,Mobile,0,0,220
U04368,A,Mobile,0,0,220
U04369,A,Desktop,0,0,220
U04370,B,Mobile,0,0,220
U04371,A,Mobile,0,0,220
U04372,A,Desktop,1,9900,220
U04373,A,Mobile,0,0,220
U04374,B,Mobile,0,0,220
U04375,B,Mobile,0,0,220
U04376,B,Mobile,0,0,220
U04377,B,Desktop,0,0,220
U04378,B,Desktop,0,0,220
U04379,B,Desktop,0,0,220
U04380,A,Mobile,0,0,220
U04381,B,Mobile,0,0,220
U04382,B,Desktop,0,0,220
U04383,A,Mobile,1,7900,220
U04384,A,Mobile,0,0,220
U04385,A,Desktop,0,0,220
U04386,B,Desktop,0,0,220
U04387,A,Desktop,0,0,220
U04388,A,Desktop,0,0,220
U04389,A,Mobile,0,0,220
U04390,B,Mobile,1,9900,220
U04391,A,Mobile,0,0,220
U04392,B,Desktop,1,4900,220
U04393,A,Mobile,0,0,220
U04394,A,Desktop,0,0,220
U04395,B,Desktop,0,0,220
U04396,B,Desktop,0,0,220
U04397,A,Desktop,0,0,220
U04398,A,Desktop,0,0,220
U04399,B,Mobile,0,0,220
U04400,A,Mobile,0,0,220
U04401,B,Mobile,0,0,220
U04402,A,Mobile,1,9900,220
U04403,B,Mobile,0,0,220
U04404,A,Desktop,0,0,220
U04405,A,Desktop,0,0,220
U04406,B,Desktop,0,0,220
U04407,A,Mobile,0,0,220
U04408,B,Mobile,0,0,220
U04409,A,Desktop,0,0,220
U04410,B,Mobile,0,0,220
U04411,B,Mobile,0,0,220
U04412,A,Desktop,0,0,220
U04413,B,Desktop,0,0,220
U04414,B,Mobile,0,0,220
U04415,B,Mobile,0,0,220
U04416,B,Mobile,0,0,220
U04417,B,Mobile,0,0,220
U04418,B,Desktop,0,0,220
U04419,A,Desktop,0,0,220
U04420,B,Desktop,1,9900,220
U04421,A,Mobile,0,0,220
U04422,B,Desktop,0,0,220
U04423,A,Desktop,0,0,220
U04424,B,Desktop,0,0,220
U04425,A,Desktop,0,0,220
U04426,B,Desktop,1,9900,220
U04427,A,Mobile,0,0,220
U04428,B,Mobile,1,4900,220
U04429,A,Mobile,0,0,220
U04430,A,Desktop,0,0,220
U04431,B,Mobile,0,0,220
U04432,A,Desktop,0,0,220
U04433,A,Mobile,0,0,220
U04434,A,Desktop,0,0,220
U04435,B,Desktop,0,0,220
U04436,A,Desktop,0,0,220
U04437,A,Desktop,0,0,220
U04438,A,Mobile,0,0,220
U04439,B,Mobile,1,9900,220
U04440,A,Mobile,0,0,220
U04441,B,Desktop,0,0,220
U04442,A,Desktop,0,0,220
U04443,A,Mobile,0,0,220
U04444,A,Desktop,0,0,220
U04445,A,Desktop,0,0,220
U04446,B,Desktop,1,7900,220
U04447,A,Mobile,0,0,220
U04448,A,Mobile,0,0,220
U04449,A,Mobile,0,0,220
U04450,A,Desktop,0,0,220
U04451,A,Desktop,0,0,220
U04452,B,Mobile,0,0,220
U04453,B,Mobile,0,0,220
U04454,A,Desktop,0,0,220
U04455,B,Mobile,0,0,220
U04456,A,Desktop,1,9900,220
U04457,B,Desktop,0,0,220
U04458,B,Mobile,0,0,220
U04459,A,Desktop,0,0,220
U04460,B,Mobile,0,0,220
U04461,B,Mobile,1,9900,220
U04462,A,Desktop,0,0,220
U04463,B,Mobile,0,0,220
U04464,A,Mobile,1,7900,220
U04465,A,Desktop,1,4900,220
U04466,B,Desktop,0,0,220
U04467,A,Desktop,0,0,220
U04468,A,Desktop,0,0,220
U04469,B,Mobile,0,0,220
U04470,A,Desktop,0,0,220
U04471,A,Mobile,1,7900,220
U04472,A,Mobile,0,0,220
U04473,A,Mobile,0,0,220
U04474,A,Desktop,0,0,220
U04475,B,Desktop,1,4900,220
U04476,B,Desktop,0,0,220
U04477,A,Desktop,0,0,220
U04478,A,Desktop,1,4900,220
U04479,A,Mobile,0,0,220
U04480,A,Desktop,0,0,220
U04481,A,Mobile,0,0,220
U04482,B,Mobile,0,0,220
U04483,A,Mobile,1,4900,220
U04484,B,Desktop,1,9900,220
U04485,B,Desktop,0,0,220
U04486,B,Desktop,0,0,220
U04487,A,Mobile,0,0,220
U04488,A,Desktop,1,9900,220
U04489,B,Desktop,0,0,220
U04490,A,Mobile,0,0,220
U04491,A,Desktop,0,0,220
U04492,A,Desktop,1,4900,220
U04493,A,Mobile,0,0,220
U04494,A,Desktop,0,0,220
U04495,B,Desktop,1,4900,220
U04496,A,Desktop,0,0,220
U04497,B,Desktop,0,0,220
U04498,A,Desktop,1,4900,220
U04499,B,Mobile,1,4900,220
U04500,A,Desktop,0,0,220
U04501,A,Mobile,0,0,220
U04502,A,Desktop,0,0,220
U04503,A,Mobile,0,0,220
U04504,B,Desktop,0,0,220
U04505,B,Desktop,0,0,220
U04506,A,Mobile,0,0,220
U04507,B,Desktop,0,0,220
U04508,A,Mobile,1,9900,220
U04509,B,Desktop,0,0,220
U04510,B,Mobile,1,9900,220
U04511,A,Desktop,0,0,220
U04512,B,Desktop,1,9900,220
U04513,A,Desktop,0,0,220
U04514,B,Desktop,0,0,220
U04515,B,Mobile,0,0,220
U04516,B,Mobile,0,0,220
U04517,A,Mobile,0,0,220
U04518,A,Desktop,0,0,220
U04519,B,Mobile,1,4900,220
U04520,B,Mobile,0,0,220
U04521,B,Desktop,0,0,220
U04522,A,Mobile,0,0,220
U04523,B,Desktop,1,7900,220
U04524,B,Mobile,1,4900,220
U04525,B,Mobile,0,0,220
U04526,A,Mobile,1,4900,220
U04527,A,Desktop,0,0,220
U04528,B,Desktop,0,0,220
U04529,A,Desktop,0,0,220
U04530,A,Mobile,0,0,220
U04531,B,Mobile,0,0,220
U04532,A,Desktop,0,0,220
U04533,A,Desktop,0,0,220
U04534,A,Desktop,0,0,220
U04535,A,Desktop,0,0,220
U04536,A,Mobile,1,9900,220
U04537,B,Mobile,0,0,220
U04538,B,Desktop,0,0,220
U04539,A,Mobile,0,0,220
U04540,A,Mobile,0,0,220
U04541,B,Mobile,1,4900,220
U04542,B,Desktop,0,0,220
U04543,A,Mobile,0,0,220
U04544,B,Desktop,0,0,220
U04545,A,Mobile,0,0,220
U04546,A,Mobile,1,9900,220
U04547,B,Desktop,0,0,220
U04548,B,Mobile,0,0,220
U04549,A,Desktop,0,0,220
U04550,A,Desktop,0,0,220
U04551,B,Mobile,0,0,220
U04552,A,Desktop,0,0,220
U04553,A,Desktop,0,0,220
U04554,A,Desktop,0,0,220
U04555,A,Mobile,0,0,220
U04556,A,Desktop,0,0,220
U04557,A,Desktop,0,0,220
U04558,B,Desktop,0,0,220
U04559,A,Mobile,0,0,220
U04560,A,Desktop,0,0,220
U04561,A,Mobile,0,0,220
U04562,A,Mobile,1,9900,220
U04563,B,Mobile,0,0,220
U04564,B,Desktop,0,0,220
U04565,A,Mobile,0,0,220
U04566,B,Mobile,0,0,220
U04567,A,Mobile,0,0,220
U04568,A,Mobile,0,0,220
U04569,A,Mobile,0,0,220
U04570,B,Desktop,1,4900,220
U04571,A,Mobile,1,9900,220
U04572,B,Desktop,0,0,220
U04573,A,Desktop,0,0,220
U04574,B,Desktop,0,0,220
U04575,B,Desktop,0,0,220
U04576,A,Mobile,0,0,220
U04577,A,Desktop,0,0,220
U04578,A,Mobile,0,0,220
U04579,B,Mobile,0,0,220
U04580,B,Desktop,0,0,220
U04581,A,Mobile,1,9900,220
U04582,A,Desktop,0,0,220
U04583,B,Desktop,1,4900,220
U04584,A,Mobile,0,0,220
U04585,B,Mobile,1,7900,220
U04586,B,Desktop,0,0,220
U04587,A,Mobile,0,0,220
U04588,A,Mobile,0,0,220
U04589,A,Desktop,0,0,220
U04590,B,Desktop,1,7900,220
U04591,A,Mobile,1,4900,220
U04592,A,Desktop,0,0,220
U04593,B,Mobile,0,0,220
U04594,A,Desktop,0,0,220
U04595,B,Desktop,0,0,220
U04596,A,Mobile,0,0,220
U04597,B,Desktop,0,0,220
U04598,B,Mobile,0,0,220
U04599,B,Desktop,0,0,220
U04600,B,Desktop,0,0,220
U04601,B,Desktop,1,4900,220
U04602,B,Mobile,0,0,220
U04603,A,Desktop,0,0,220
U04604,A,Mobile,0,0,220
U04605,B,Desktop,0,0,220
U04606,A,Mobile,0,0,220
U04607,B,Desktop,0,0,220
U04608,B,Desktop,0,0,220
U04609,A,Desktop,0,0,220
U04610,B,Mobile,0,0,220
U04611,A,Mobile,0,0,220
U04612,A,Mobile,0,0,220
U04613,A,Mobile,0,0,220
U04614,B,Mobile,0,0,220
U04615,A,Mobile,0,0,220
U04616,B,Mobile,0,0,220
U04617,A,Mobile,0,0,220
U04618,A,Mobile,0,0,220
U04619,A,Desktop,1,4900,220
U04620,A,Mobile,0,0,220
U04621,A,Mobile,1,4900,220
U04622,B,Desktop,0,0,220
U04623,A,Desktop,0,0,220
U04624,B,Mobile,1,7900,220
U04625,A,Mobile,0,0,220
U04626,A,Desktop,0,0,220
U04627,B,Mobile,0,0,220
U04628,B,Mobile,1,7900,220
U04629,B,Mobile,0,0,220
U04630,B,Mobile,0,0,220
U04631,A,Desktop,1,4900,220
U04632,B,Desktop,0,0,220
U04633,B,Desktop,0,0,220
U04634,A,Mobile,1,7900,220
U04635,A,Desktop,0,0,220
U04636,A,Desktop,0,0,220
U04637,B,Desktop,0,0,220
U04638,A,Mobile,0,0,220
U04639,A,Desktop,0,0,220
U04640,A,Desktop,0,0,220
U04641,B,Desktop,1,4900,220
U04642,B,Mobile,0,0,220
U04643,A,Mobile,0,0,220
U04644,A,Mobile,0,0,220
U04645,B,Mobile,0,0,220
U04646,B,Mobile,0,0,220
U04647,A,Mobile,0,0,220
U04648,A,Desktop,0,0,220
U04649,B,Mobile,1,7900,220
U04650,B,Desktop,1,4900,220
U04651,A,Mobile,0,0,220
U04652,A,Mobile,0,0,220
U04653,B,Desktop,1,9900,220
U04654,A,Desktop,0,0,220
U04655,B,Desktop,0,0,220
U04656,B,Mobile,0,0,220
U04657,A,Mobile,0,0,220
U04658,A,Mobile,0,0,220
U04659,B,Mobile,0,0,220
U04660,A,Desktop,0,0,220
U04661,B,Desktop,0,0,220
U04662,B,Mobile,0,0,220
U04663,A,Desktop,1,7900,220
U04664,B,Desktop,0,0,220
U04665,B,Desktop,0,0,220
U04666,A,Mobile,0,0,220
U04667,A,Desktop,1,9900,220
U04668,B,Mobile,0,0,220
U04669,A,Desktop,0,0,220
U04670,B,Desktop,0,0,220
U04671,B,Mobile,0,0,220
U04672,A,Mobile,0,0,220
U04673,A,Desktop,0,0,220
U04674,A,Mobile,0,0,220
U04675,B,Mobile,0,0,220
U04676,A,Mobile,0,0,220
U04677,B,Mobile,0,0,220
U04678,B,Mobile,0,0,220
U04679,B,Desktop,0,0,220
U04680,B,Desktop,0,0,220
U04681,A,Desktop,0,0,220
U04682,A,Desktop,0,0,220
U04683,A,Desktop,0,0,220
U04684,A,Mobile,0,0,220
U04685,A,Desktop,0,0,220
U04686,A,Desktop,0,0,220
U04687,B,Desktop,1,7900,220
U04688,B,Mobile,0,0,220
U04689,B,Desktop,1,9900,220
U04690,B,Mobile,0,0,220
U04691,A,Mobile,0,0,220
U04692,B,Mobile,1,4900,220
U04693,A,Mobile,0,0,220
U04694,A,Desktop,0,0,220
U04695,B,Mobile,0,0,220
U04696,A,Mobile,0,0,220
U04697,A,Mobile,0,0,220
U04698,A,Desktop,0,0,220
U04699,B,Desktop,0,0,220
U04700,B,Desktop,0,0,220
U04701,B,Mobile,0,0,220
U04702,A,Desktop,0,0,220
U04703,A,Desktop,0,0,220
U04704,B,Desktop,0,0,220
U04705,B,Desktop,0,0,220
U04706,B,Desktop,0,0,220
U04707,B,Desktop,0,0,220
U04708,A,Mobile,0,0,220
U04709,A,Desktop,0,0,220
U04710,B,Desktop,0,0,220
U04711,A,Mobile,0,0,220
U04712,A,Desktop,0,0,220
U04713,A,Mobile,1,7900,220
U04714,B,Desktop,0,0,220
U04715,B,Mobile,1,9900,220
U04716,B,Desktop,0,0,220
U04717,A,Desktop,0,0,220
U04718,B,Mobile,0,0,220
U04719,A,Mobile,0,0,220
U04720,B,Mobile,0,0,220
U04721,A,Desktop,0,0,220
U04722,A,Mobile,0,0,220
U04723,B,Desktop,1,4900,220
U04724,B,Mobile,0,0,220
U04725,B,Desktop,0,0,220
U04726,A,Desktop,0,0,220
U04727,B,Mobile,1,4900,220
U04728,A,Desktop,0,0,220
U04729,B,Mobile,0,0,220
U04730,B,Mobile,0,0,220
U04731,A,Mobile,0,0,220
U04732,B,Mobile,0,0,220
U04733,A,Mobile,0,0,220
U04734,A,Desktop,1,4900,220
U04735,B,Desktop,0,0,220
U04736,A,Desktop,0,0,220
U04737,A,Desktop,0,0,220
U04738,B,Mobile,0,0,220
U04739,B,Desktop,1,7900,220
U04740,A,Desktop,0,0,220
U04741,B,Desktop,0,0,220
U04742,A,Desktop,0,0,220
U04743,A,Desktop,1,7900,220
U04744,A,Mobile,0,0,220
U04745,A,Desktop,0,0,220
U04746,A,Desktop,0,0,220
U04747,B,Desktop,0,0,220
U04748,A,Mobile,0,0,220
U04749,A,Mobile,0,0,220
U04750,B,Desktop,0,0,220
U04751,B,Desktop,1,9900,220
U04752,B,Mobile,0,0,220
U04753,A,Mobile,0,0,220
U04754,B,Desktop,0,0,220
U04755,A,Desktop,0,0,220
U04756,B,Mobile,0,0,220
U04757,A,Mobile,0,0,220
U04758,B,Desktop,0,0,220
U04759,A,Mobile,0,0,220
U04760,B,Desktop,0,0,220
U04761,A,Mobile,0,0,220
U04762,B,Desktop,0,0,220
U04763,B,Desktop,0,0,220
U04764,A,Mobile,0,0,220
U04765,B,Mobile,1,4900,220
U04766,B,Desktop,0,0,220
U04767,A,Desktop,0,0,220
U04768,B,Desktop,0,0,220
U04769,B,Desktop,1,7900,220
U04770,B,Desktop,0,0,220
U04771,B,Desktop,0,0,220
U04772,A,Mobile,0,0,220
U04773,B,Mobile,0,0,220
U04774,A,Desktop,0,0,220
U04775,A,Mobile,0,0,220
U04776,B,Mobile,0,0,220
U04777,B,Desktop,0,0,220
U04778,A,Mobile,0,0,220
U04779,A,Mobile,0,0,220
U04780,A,Mobile,1,7900,220
U04781,B,Mobile,0,0,220
U04782,A,Mobile,0,0,220
U04783,B,Mobile,0,0,220
U04784,A,Desktop,1,9900,220
U04785,B,Desktop,1,7900,220
U04786,A,Desktop,0,0,220
U04787,A,Desktop,0,0,220
U04788,A,Mobile,0,0,220
U04789,B,Mobile,0,0,220
U04790,B,Desktop,0,0,220
U04791,B,Mobile,0,0,220
U04792,B,Desktop,0,0,220
U04793,A,Desktop,1,4900,220
U04794,A,Desktop,0,0,220
U04795,B,Mobile,0,0,220
U04796,A,Desktop,0,0,220
U04797,A,Mobile,0,0,220
U04798,B,Mobile,0,0,220
U04799,A,Desktop,0,0,220
U04800,B,Desktop,0,0,220
U04801,B,Desktop,0,0,220
U04802,B,Mobile,0,0,220
U04803,A,Desktop,0,0,220
U04804,A,Mobile,0,0,220
U04805,A,Mobile,0,0,220
U04806,A,Desktop,0,0,220
U04807,B,Mobile,0,0,220
U04808,B,Mobile,0,0,220
U04809,B,Mobile,0,0,220
U04810,A,Desktop,0,0,220
U04811,A,Mobile,1,4900,220
U04812,A,Mobile,1,7900,220
U04813,B,Desktop,0,0,220
U04814,A,Desktop,0,0,220
U04815,B,Mobile,0,0,220
U04816,B,Desktop,1,4900,220
U04817,A,Mobile,0,0,220
U04818,A,Desktop,0,0,220
U04819,B,Desktop,0,0,220
U04820,A,Desktop,0,0,220
U04821,B,Desktop,0,0,220
U04822,B,Mobile,0,0,220
U04823,A,Desktop,0,0,220
U04824,B,Mobile,0,0,220
U04825,A,Mobile,0,0,220
U04826,A,Mobile,0,0,220
U04827,A,Mobile,0,0,220
U04828,B,Mobile,1,9900,220
U04829,B,Desktop,0,0,220
U04830,B,Mobile,1,9900,220
U04831,A,Desktop,0,0,220
U04832,B,Desktop,0,0,220
U04833,B,Mobile,0,0,220
U04834,B,Mobile,1,9900,220
U04835,A,Mobile,0,0,220
U04836,B,Mobile,0,0,220
U04837,A,Mobile,0,0,220
U04838,A,Mobile,0,0,220
U04839,B,Desktop,0,0,220
U04840,A,Desktop,0,0,220
U04841,A,Desktop,0,0,220
U04842,B,Mobile,1,9900,220
U04843,B,Desktop,0,0,220
U04844,A,Mobile,0,0,220
U04845,A,Desktop,0,0,220
U04846,B,Desktop,0,0,220
U04847,B,Mobile,0,0,220
U04848,B,Mobile,0,0,220
U04849,A,Desktop,1,7900,220
U04850,A,Mobile,0,0,220
U04851,B,Desktop,0,0,220
U04852,B,Mobile,0,0,220
U04853,B,Mobile,1,9900,220
U04854,B,Desktop,0,0,220
U04855,A,Mobile,0,0,220
U04856,B,Mobile,0,0,220
U04857,B,Desktop,0,0,220
U04858,B,Mobile,0,0,220
U04859,B,Desktop,0,0,220
U04860,A,Desktop,0,0,220
U04861,B,Mobile,0,0,220
U04862,A,Mobile,0,0,220
U04863,B,Desktop,0,0,220
U04864,A,Desktop,0,0,220
U04865,B,Desktop,0,0,220
U04866,A,Mobile,0,0,220
U04867,B,Mobile,0,0,220
U04868,B,Mobile,0,0,220
U04869,B,Desktop,0,0,220
U04870,B,Desktop,0,0,220
U04871,B,Desktop,0,0,220
U04872,A,Mobile,0,0,220
U04873,B,Mobile,0,0,220
U04874,B,Desktop,0,0,220
U04875,A,Desktop,0,0,220
U04876,A,Desktop,0,0,220
U04877,A,Desktop,0,0,220
U04878,B,Desktop,0,0,220
U04879,B,Mobile,0,0,220
U04880,B,Mobile,0,0,220
U04881,A,Desktop,0,0,220
U04882,B,Desktop,0,0,220
U04883,A,Mobile,0,0,220
U04884,B,Desktop,0,0,220
U04885,B,Mobile,0,0,220
U04886,A,Desktop,0,0,220
U04887,B,Mobile,0,0,220
U04888,A,Mobile,0,0,220
U04889,B,Mobile,0,0,220
U04890,B,Desktop,0,0,220
U04891,B,Mobile,0,0,220
U04892,A,Mobile,0,0,220
U04893,B,Desktop,0,0,220
U04894,A,Mobile,0,0,220
U04895,A,Desktop,0,0,220
U04896,B,Desktop,0,0,220
U04897,B,Mobile,0,0,220
U04898,A,Desktop,0,0,220
U04899,A,Desktop,0,0,220
U04900,B,Mobile,0,0,220
U04901,A,Mobile,0,0,220
U04902,B,Mobile,0,0,220
U04903,B,Mobile,1,4900,220
U04904,B,Desktop,0,0,220
U04905,A,Mobile,0,0,220
U04906,A,Mobile,0,0,220
U04907,A,Desktop,0,0,220
U04908,B,Desktop,0,0,220
U04909,A,Desktop,0,0,220
U04910,B,Desktop,1,4900,220
U04911,B,Mobile,0,0,220
U04912,B,Desktop,0,0,220
U04913,A,Desktop,0,0,220
U04914,A,Mobile,1,7900,220
U04915,B,Mobile,0,0,220
U04916,A,Mobile,1,7900,220
U04917,A,Desktop,0,0,220
U04918,B,Mobile,0,0,220
U04919,A,Desktop,0,0,220
U04920,A,Desktop,0,0,220
U04921,A,Desktop,0,0,220
U04922,A,Mobile,0,0,220
U04923,B,Mobile,0,0,220
U04924,A,Desktop,0,0,220
U04925,B,Desktop,0,0,220
U04926,B,Mobile,0,0,220
U04927,A,Desktop,0,0,220
U04928,A,Mobile,0,0,220
U04929,A,Desktop,0,0,220
U04930,A,Mobile,0,0,220
U04931,B,Mobile,0,0,220
U04932,B,Desktop,0,0,220
U04933,A,Mobile,0,0,220
U04934,B,Desktop,0,0,220
U04935,B,Desktop,0,0,220
U04936,B,Desktop,0,0,220
U04937,B,Desktop,1,7900,220
U04938,A,Desktop,0,0,220
U04939,B,Mobile,0,0,220
U04940,B,Desktop,0,0,220
U04941,A,Desktop,1,4900,220
U04942,B,Desktop,0,0,220
U04943,A,Desktop,0,0,220
U04944,B,Mobile,1,4900,220
U04945,A,Mobile,0,0,220
U04946,B,Mobile,0,0,220
U04947,B,Mobile,0,0,220
U04948,A,Mobile,0,0,220
U04949,B,Mobile,0,0,220
U04950,B,Mobile,0,0,220
U04951,B,Desktop,0,0,220
U04952,A,Mobile,0,0,220
U04953,A,Mobile,0,0,220
U04954,B,Desktop,1,9900,220
U04955,A,Desktop,0,0,220
U04956,A,Desktop,0,0,220
U04957,B,Mobile,1,4900,220
U04958,A,Mobile,0,0,220
U04959,B,Desktop,0,0,220
U04960,B,Desktop,0,0,220
U04961,B,Mobile,0,0,220
U04962,B,Mobile,0,0,220
U04963,A,Desktop,0,0,220
U04964,A,Desktop,1,9900,220
U04965,A,Mobile,0,0,220
U04966,A,Desktop,0,0,220
U04967,B,Mobile,0,0,220
U04968,B,Mobile,0,0,220
U04969,B,Mobile,1,9900,220
U04970,B,Desktop,0,0,220
U04971,B,Desktop,0,0,220
U04972,B,Desktop,1,9900,220
U04973,B,Mobile,0,0,220
U04974,B,Desktop,0,0,220
U04975,B,Mobile,0,0,220
U04976,A,Desktop,0,0,220
U04977,A,Desktop,1,4900,220
U04978,B,Mobile,0,0,220
U04979,B,Desktop,0,0,220
U04980,A,Desktop,1,7900,220
U04981,B,Mobile,1,7900,220
U04982,B,Mobile,0,0,220
U04983,A,Mobile,0,0,220
U04984,A,Mobile,0,0,220
U04985,A,Desktop,0,0,220
U04986,B,Mobile,1,9900,220
U04987,B,Mobile,0,0,220
U04988,B,Mobile,0,0,220
U04989,A,Desktop,0,0,220
U04990,A,Desktop,0,0,220
U04991,B,Mobile,1,7900,220
U04992,B,Desktop,0,0,220
U04993,A,Mobile,0,0,220
U04994,A,Desktop,0,0,220
U04995,B,Mobile,0,0,220
U04996,A,Desktop,0,0,220
U04997,A,Mobile,0,0,220
U04998,A,Mobile,0,0,220
U04999,B,Desktop,0,0,220
U05000,A,Mobile,0,0,220
U05001,B,Desktop,0,0,220
U05002,A,Mobile,0,0,220
U05003,B,Mobile,1,7900,220
U05004,A,Mobile,1,4900,220
U05005,B,Desktop,0,0,220
U05006,B,Mobile,0,0,220
U05007,B,Mobile,0,0,220
U05008,B,Mobile,0,0,220
U05009,B,Desktop,0,0,220
U05010,A,Desktop,0,0,220
U05011,B,Desktop,0,0,220
U05012,A,Mobile,0,0,220
U05013,B,Mobile,0,0,220
U05014,B,Desktop,0,0,220
U05015,A,Desktop,0,0,220
U05016,A,Mobile,0,0,220
U05017,B,Mobile,0,0,220
U05018,A,Mobile,1,7900,220
U05019,A,Desktop,1,9900,220
U05020,A,Desktop,0,0,220
U05021,A,Mobile,0,0,220
U05022,A,Desktop,0,0,220
U05023,B,Mobile,0,0,220
U05024,B,Desktop,0,0,220
U05025,B,Mobile,0,0,220
U05026,A,Desktop,0,0,220
U05027,A,Desktop,0,0,220
U05028,A,Mobile,0,0,220
U05029,A,Desktop,0,0,220
U05030,A,Mobile,0,0,220
U05031,B,Desktop,1,4900,220
U05032,A,Mobile,0,0,220
U05033,A,Mobile,0,0,220
U05034,A,Mobile,0,0,220
U05035,A,Mobile,0,0,220
U05036,B,Desktop,0,0,220
U05037,A,Desktop,0,0,220
U05038,B,Desktop,0,0,220
U05039,A,Desktop,0,0,220
U05040,A,Desktop,1,9900,220
U05041,A,Mobile,0,0,220
U05042,B,Mobile,0,0,220
U05043,B,Desktop,0,0,220
U05044,B,Desktop,0,0,220
U05045,A,Mobile,0,0,220
U05046,B,Desktop,0,0,220
U05047,A,Mobile,0,0,220
U05048,A,Mobile,0,0,220
U05049,A,Desktop,0,0,220
U05050,A,Desktop,0,0,220
U05051,A,Mobile,0,0,220
U05052,B,Desktop,0,0,220
U05053,B,Desktop,0,0,220
U05054,A,Desktop,0,0,220
U05055,B,Desktop,0,0,220
U05056,B,Mobile,0,0,220
U05057,B,Desktop,0,0,220
U05058,A,Mobile,0,0,220
U05059,A,Mobile,0,0,220
U05060,A,Desktop,0,0,220
U05061,A,Mobile,0,0,220
U05062,A,Mobile,0,0,220
U05063,B,Mobile,0,0,220
U05064,B,Mobile,0,0,220
U05065,A,Desktop,0,0,220
U05066,A,Desktop,0,0,220
U05067,B,Desktop,0,0,220
U05068,B,Mobile,0,0,220
U05069,B,Desktop,0,0,220
U05070,A,Mobile,0,0,220
U05071,B,Mobile,0,0,220
U05072,B,Desktop,0,0,220
U05073,A,Mobile,0,0,220
U05074,A,Desktop,1,9900,220
U05075,B,Desktop,0,0,220
U05076,A,Desktop,0,0,220
U05077,A,Mobile,0,0,220
U05078,B,Desktop,0,0,220
U05079,A,Desktop,0,0,220
U05080,A,Desktop,0,0,220
U05081,A,Desktop,0,0,220
U05082,B,Desktop,0,0,220
U05083,B,Mobile,0,0,220
U05084,B,Desktop,0,0,220
U05085,A,Desktop,0,0,220
U05086,A,Desktop,0,0,220
U05087,A,Desktop,0,0,220
U05088,A,Mobile,0,0,220
U05089,A,Mobile,0,0,220
U05090,B,Desktop,0,0,220
U05091,B,Mobile,0,0,220
U05092,B,Mobile,0,0,220
U05093,A,Desktop,0,0,220
U05094,A,Mobile,0,0,220
U05095,A,Desktop,0,0,220
U05096,B,Desktop,0,0,220
U05097,A,Desktop,0,0,220
U05098,A,Mobile,0,0,220
U05099,A,Mobile,0,0,220
U05100,A,Mobile,0,0,220
U05101,B,Mobile,0,0,220
U05102,B,Desktop,0,0,220
U05103,A,Desktop,0,0,220
U05104,A,Mobile,0,0,220
U05105,B,Mobile,0,0,220
U05106,A,Mobile,0,0,220
U05107,B,Mobile,0,0,220
U05108,B,Mobile,0,0,220
U05109,B,Mobile,0,0,220
U05110,B,Mobile,0,0,220
U05111,B,Mobile,0,0,220
U05112,B,Mobile,1,9900,220
U05113,A,Desktop,0,0,220
U05114,A,Mobile,0,0,220
U05115,A,Desktop,0,0,220
U05116,A,Desktop,0,0,220
U05117,B,Desktop,0,0,220
U05118,B,Desktop,0,0,220
U05119,A,Desktop,0,0,220
U05120,B,Mobile,0,0,220
U05121,A,Desktop,0,0,220
U05122,B,Mobile,0,0,220
U05123,B,Desktop,0,0,220
U05124,A,Desktop,0,0,220
U05125,A,Mobile,0,0,220
U05126,B,Mobile,0,0,220
U05127,B,Mobile,0,0,220
U05128,B,Desktop,0,0,220
U05129,B,Mobile,1,4900,220
U05130,B,Desktop,0,0,220
U05131,B,Desktop,0,0,220
U05132,A,Desktop,0,0,220
U05133,B,Desktop,1,7900,220
U05134,A,Desktop,0,0,220
U05135,A,Desktop,0,0,220
U05136,A,Mobile,1,4900,220
U05137,A,Desktop,0,0,220
U05138,B,Desktop,0,0,220
U05139,B,Mobile,0,0,220
U05140,B,Mobile,0,0,220
U05141,A,Desktop,0,0,220
U05142,A,Desktop,0,0,220
U05143,B,Desktop,0,0,220
U05144,A,Desktop,0,0,220
U05145,A,Mobile,0,0,220
U05146,A,Desktop,0,0,220
U05147,B,Desktop,0,0,220
U05148,A,Desktop,0,0,220
U05149,A,Mobile,0,0,220
U05150,B,Desktop,1,7900,220
U05151,A,Mobile,0,0,220
U05152,A,Desktop,0,0,220
U05153,A,Mobile,0,0,220
U05154,A,Mobile,0,0,220
U05155,B,Mobile,0,0,220
U05156,B,Desktop,0,0,220
U05157,B,Desktop,1,9900,220
U05158,A,Desktop,0,0,220
U05159,B,Mobile,0,0,220
U05160,A,Desktop,0,0,220
U05161,A,Desktop,0,0,220
U05162,A,Desktop,0,0,220
U05163,A,Desktop,0,0,220
U05164,A,Desktop,0,0,220
U05165,A,Mobile,0,0,220
U05166,B,Mobile,0,0,220
U05167,A,Mobile,0,0,220
U05168,A,Desktop,0,0,220
U05169,A,Desktop,0,0,220
U05170,B,Desktop,1,9900,220
U05171,A,Desktop,0,0,220
U05172,B,Desktop,0,0,220
U05173,B,Desktop,0,0,220
U05174,A,Mobile,0,0,220
U05175,B,Mobile,0,0,220
U05176,B,Desktop,0,0,220
U05177,A,Mobile,0,0,220
U05178,B,Desktop,0,0,220
U05179,A,Desktop,0,0,220
U05180,B,Desktop,0,0,220
U05181,B,Desktop,0,0,220
U05182,B,Desktop,0,0,220
U05183,B,Mobile,0,0,220
U05184,B,Desktop,0,0,220
U05185,A,Mobile,0,0,220
U05186,A,Desktop,0,0,220
U05187,A,Mobile,0,0,220
U05188,A,Desktop,0,0,220
U05189,B,Desktop,0,0,220
U05190,A,Mobile,0,0,220
U05191,B,Desktop,0,0,220
U05192,A,Desktop,0,0,220
U05193,A,Mobile,0,0,220
U05194,B,Desktop,0,0,220
U05195,B,Mobile,0,0,220
U05196,B,Mobile,0,0,220
U05197,B,Mobile,0,0,220
U05198,B,Mobile,0,0,220
U05199,B,Desktop,0,0,220
U05200,B,Mobile,0,0,220
U05201,A,Mobile,0,0,220
U05202,B,Desktop,1,7900,220
U05203,A,Mobile,0,0,220
U05204,A,Mobile,0,0,220
U05205,B,Desktop,0,0,220
U05206,A,Mobile,0,0,220
U05207,B,Mobile,0,0,220
U05208,B,Desktop,0,0,220
U05209,B,Mobile,0,0,220
U05210,B,Desktop,0,0,220
U05211,B,Mobile,0,0,220
U05212,A,Mobile,0,0,220
U05213,B,Mobile,0,0,220
U05214,A,Desktop,0,0,220
U05215,A,Desktop,0,0,220
U05216,A,Mobile,1,4900,220
U05217,A,Desktop,0,0,220
U05218,A,Mobile,1,9900,220
U05219,A,Mobile,1,4900,220
U05220,A,Desktop,0,0,220
U05221,A,Desktop,1,9900,220
U05222,B,Desktop,0,0,220
U05223,A,Mobile,0,0,220
U05224,B,Desktop,0,0,220
U05225,B,Mobile,0,0,220
U05226,B,Desktop,0,0,220
U05227,B,Desktop,0,0,220
U05228,B,Desktop,1,9900,220
U05229,A,Desktop,0,0,220
U05230,A,Desktop,1,4900,220
U05231,B,Desktop,0,0,220
U05232,A,Mobile,0,0,220
U05233,A,Mobile,0,0,220
U05234,B,Mobile,0,0,220
U05235,A,Desktop,0,0,220
U05236,B,Mobile,0,0,220
U05237,A,Desktop,0,0,220
U05238,B,Desktop,0,0,220
U05239,B,Mobile,0,0,220
U05240,A,Mobile,0,0,220
U05241,B,Mobile,0,0,220
U05242,A,Desktop,0,0,220
U05243,A,Desktop,0,0,220
U05244,B,Desktop,0,0,220
U05245,B,Mobile,0,0,220
U05246,B,Desktop,0,0,220
U05247,A,Mobile,0,0,220
U05248,B,Mobile,0,0,220
U05249,A,Mobile,0,0,220
U05250,B,Mobile,0,0,220
U05251,B,Mobile,0,0,220
U05252,A,Mobile,0,0,220
U05253,A,Desktop,0,0,220
U05254,B,Desktop,0,0,220
U05255,A,Mobile,0,0,220
U05256,B,Mobile,0,0,220
U05257,A,Desktop,0,0,220
U05258,B,Mobile,0,0,220
U05259,B,Desktop,0,0,220
U05260,B,Desktop,1,4900,220
U05261,A,Desktop,0,0,220
U05262,A,Mobile,0,0,220
U05263,A,Desktop,0,0,220
U05264,A,Desktop,0,0,220
U05265,A,Mobile,0,0,220
U05266,A,Desktop,1,4900,220
U05267,B,Desktop,0,0,220
U05268,A,Desktop,0,0,220
U05269,B,Desktop,0,0,220
U05270,A,Desktop,0,0,220
U05271,A,Mobile,0,0,220
U05272,A,Mobile,0,0,220
U05273,A,Mobile,0,0,220
U05274,B,Desktop,0,0,220
U05275,A,Desktop,0,0,220
U05276,A,Desktop,0,0,220
U05277,A,Mobile,0,0,220
U05278,B,Desktop,0,0,220
U05279,A,Mobile,0,0,220
U05280,B,Mobile,1,7900,220
U05281,A,Desktop,0,0,220
U05282,A,Desktop,1,7900,220
U05283,A,Mobile,0,0,220
U05284,B,Desktop,0,0,220
U05285,A,Mobile,0,0,220
U05286,B,Desktop,0,0,220
U05287,B,Desktop,0,0,220
U05288,B,Mobile,0,0,220
U05289,A,Desktop,0,0,220
U05290,A,Desktop,0,0,220
U05291,B,Desktop,0,0,220
U05292,A,Mobile,0,0,220
U05293,B,Mobile,0,0,220
U05294,B,Desktop,0,0,220
U05295,A,Desktop,0,0,220
U05296,B,Desktop,0,0,220
U05297,B,Desktop,0,0,220
U05298,A,Mobile,1,9900,220
U05299,A,Desktop,0,0,220
U05300,A,Mobile,0,0,220
U05301,B,Mobile,0,0,220
U05302,A,Desktop,0,0,220
U05303,A,Desktop,1,9900,220
U05304,A,Desktop,0,0,220
U05305,A,Desktop,0,0,220
U05306,B,Mobile,0,0,220
U05307,B,Mobile,0,0,220
U05308,A,Desktop,0,0,220
U05309,B,Mobile,1,9900,220
U05310,B,Mobile,0,0,220
U05311,B,Desktop,1,9900,220
U05312,A,Desktop,0,0,220
U05313,A,Mobile,0,0,220
U05314,B,Desktop,0,0,220
U05315,A,Mobile,0,0,220
U05316,A,Desktop,0,0,220
U05317,B,Desktop,0,0,220
U05318,B,Desktop,0,0,220
U05319,B,Mobile,0,0,220
U05320,B,Mobile,1,9900,220
U05321,A,Desktop,0,0,220
U05322,B,Mobile,0,0,220
U05323,B,Mobile,1,9900,220
U05324,A,Desktop,1,7900,220
U05325,A,Mobile,0,0,220
U05326,A,Mobile,0,0,220
U05327,A,Mobile,0,0,220
U05328,B,Mobile,0,0,220
U05329,B,Mobile,1,9900,220
U05330,A,Desktop,1,9900,220
U05331,B,Mobile,0,0,220
U05332,A,Desktop,0,0,220
U05333,B,Mobile,0,0,220
U05334,A,Mobile,0,0,220
U05335,B,Desktop,0,0,220
U05336,A,Mobile,0,0,220
U05337,A,Mobile,0,0,220
U05338,B,Desktop,0,0,220
U05339,A,Mobile,0,0,220
U05340,A,Desktop,0,0,220
U05341,A,Desktop,0,0,220
U05342,A,Mobile,0,0,220
U05343,A,Desktop,0,0,220
U05344,B,Mobile,0,0,220
U05345,B,Desktop,0,0,220
U05346,B,Desktop,0,0,220
U05347,B,Desktop,0,0,220
U05348,A,Desktop,0,0,220
U05349,A,Desktop,0,0,220
U05350,B,Mobile,0,0,220
U05351,B,Mobile,1,7900,220
U05352,A,Desktop,0,0,220
U05353,B,Mobile,0,0,220
U05354,A,Mobile,0,0,220
U05355,B,Desktop,0,0,220
U05356,B,Mobile,0,0,220
U05357,A,Desktop,0,0,220
U05358,A,Mobile,0,0,220
U05359,B,Desktop,0,0,220
U05360,B,Mobile,0,0,220
U05361,B,Mobile,0,0,220
U05362,A,Desktop,0,0,220
U05363,B,Mobile,0,0,220
U05364,A,Desktop,0,0,220
U05365,A,Mobile,0,0,220
U05366,B,Desktop,0,0,220
U05367,B,Mobile,0,0,220
U05368,A,Desktop,0,0,220
U05369,A,Mobile,1,4900,220
U05370,B,Mobile,0,0,220
U05371,A,Desktop,0,0,220
U05372,B,Desktop,0,0,220
U05373,B,Mobile,0,0,220
U05374,A,Mobile,0,0,220
U05375,B,Desktop,0,0,220
U05376,B,Desktop,0,0,220
U05377,B,Mobile,0,0,220
U05378,A,Desktop,0,0,220
U05379,B,Desktop,0,0,220
U05380,A,Mobile,0,0,220
U05381,B,Desktop,0,0,220
U05382,B,Mobile,0,0,220
U05383,A,Desktop,0,0,220
U05384,B,Mobile,0,0,220
U05385,B,Mobile,0,0,220
U05386,A,Mobile,0,0,220
U05387,B,Mobile,1,9900,220
U05388,A,Desktop,0,0,220
U05389,B,Desktop,0,0,220
U05390,A,Mobile,1,9900,220
U05391,B,Desktop,0,0,220
U05392,A,Mobile,0,0,220
U05393,B,Mobile,0,0,220
U05394,B,Mobile,1,4900,220
U05395,B,Mobile,0,0,220
U05396,A,Mobile,1,4900,220
U05397,A,Desktop,0,0,220
U05398,B,Mobile,0,0,220
U05399,A,Desktop,0,0,220
U05400,B,Desktop,0,0,220
U05401,B,Desktop,0,0,220
U05402,B,Mobile,0,0,220
U05403,A,Desktop,0,0,220
U05404,A,Mobile,1,9900,220
U05405,B,Desktop,0,0,220
U05406,B,Desktop,0,0,220
U05407,B,Mobile,0,0,220
U05408,B,Mobile,0,0,220
U05409,A,Mobile,0,0,220
U05410,A,Mobile,0,0,220
U05411,A,Desktop,0,0,220
U05412,B,Desktop,0,0,220
U05413,B,Desktop,0,0,220
U05414,A,Desktop,0,0,220
U05415,B,Mobile,0,0,220
U05416,B,Desktop,0,0,220
U05417,A,Mobile,0,0,220
U05418,A,Mobile,0,0,220
U05419,A,Mobile,0,0,220
U05420,A,Desktop,0,0,220
U05421,B,Desktop,0,0,220
U05422,A,Desktop,0,0,220
U05423,A,Mobile,0,0,220
U05424,A,Mobile,0,0,220
U05425,A,Desktop,0,0,220
U05426,A,Desktop,0,0,220
U05427,A,Desktop,0,0,220
U05428,B,Desktop,0,0,220
U05429,A,Mobile,0,0,220
U05430,B,Mobile,0,0,220
U05431,B,Desktop,0,0,220
U05432,B,Desktop,0,0,220
U05433,A,Desktop,0,0,220
U05434,B,Mobile,1,9900,220
U05435,A,Desktop,0,0,220
U05436,A,Desktop,0,0,220
U05437,A,Mobile,1,9900,220
U05438,A,Mobile,0,0,220
U05439,B,Desktop,0,0,220
U05440,A,Mobile,0,0,220
U05441,A,Mobile,0,0,220
U05442,A,Mobile,0,0,220
U05443,B,Desktop,0,0,220
U05444,A,Desktop,0,0,220
U05445,B,Mobile,0,0,220
U05446,A,Desktop,0,0,220
U05447,B,Desktop,0,0,220
U05448,A,Mobile,0,0,220
U05449,A,Mobile,0,0,220
U05450,B,Desktop,1,4900,220
U05451,A,Desktop,0,0,220
U05452,A,Desktop,0,0,220
U05453,B,Mobile,1,4900,220
U05454,B,Mobile,1,7900,220
U05455,A,Mobile,0,0,220
U05456,A,Mobile,0,0,220
U05457,A,Mobile,0,0,220
U05458,B,Mobile,0,0,220
U05459,A,Mobile,0,0,220
U05460,B,Mobile,0,0,220
U05461,A,Mobile,0,0,220
U05462,A,Desktop,0,0,220
U05463,A,Desktop,0,0,220
U05464,B,Desktop,0,0,220
U05465,A,Desktop,0,0,220
U05466,A,Mobile,0,0,220
U05467,B,Desktop,0,0,220
U05468,A,Desktop,1,9900,220
U05469,A,Mobile,0,0,220
U05470,B,Mobile,0,0,220
U05471,B,Desktop,0,0,220
U05472,B,Mobile,0,0,220
U05473,B,Desktop,0,0,220
U05474,A,Mobile,0,0,220
U05475,B,Mobile,1,4900,220
U05476,A,Mobile,0,0,220
U05477,A,Mobile,0,0,220
U05478,A,Mobile,0,0,220
U05479,A,Desktop,0,0,220
U05480,B,Mobile,0,0,220
U05481,A,Desktop,0,0,220
U05482,B,Mobile,0,0,220
U05483,B,Desktop,0,0,220
U05484,B,Desktop,0,0,220
U05485,B,Desktop,0,0,220
U05486,A,Desktop,0,0,220
U05487,B,Desktop,0,0,220
U05488,A,Desktop,1,4900,220
U05489,A,Desktop,0,0,220
U05490,A,Mobile,1,9900,220
U05491,A,Desktop,0,0,220
U05492,B,Desktop,0,0,220
U05493,B,Mobile,0,0,220
U05494,A,Desktop,0,0,220
U05495,A,Mobile,1,9900,220
U05496,A,Desktop,0,0,220
U05497,A,Mobile,0,0,220
U05498,B,Mobile,1,7900,220
U05499,A,Desktop,0,0,220
U05500,A,Desktop,1,9900,220
U05501,A,Desktop,0,0,220
U05502,A,Mobile,0,0,220
U05503,A,Desktop,0,0,220
U05504,B,Desktop,0,0,220
U05505,A,Mobile,1,9900,220
U05506,B,Mobile,0,0,220
U05507,A,Desktop,0,0,220
U05508,B,Desktop,1,9900,220
U05509,B,Mobile,0,0,220
U05510,B,Mobile,1,4900,220
U05511,A,Mobile,0,0,220
U05512,B,Desktop,0,0,220
U05513,B,Mobile,0,0,220
U05514,B,Mobile,0,0,220
U05515,A,Mobile,0,0,220
U05516,A,Mobile,1,9900,220
U05517,B,Mobile,0,0,220
U05518,A,Desktop,0,0,220
U05519,B,Mobile,0,0,220
U05520,A,Mobile,0,0,220
U05521,B,Desktop,0,0,220
U05522,B,Mobile,0,0,220
U05523,A,Mobile,0,0,220
U05524,B,Desktop,0,0,220
U05525,B,Mobile,0,0,220
U05526,B,Mobile,0,0,220
U05527,A,Desktop,0,0,220
U05528,A,Mobile,0,0,220
U05529,B,Mobile,0,0,220
U05530,B,Desktop,0,0,220
U05531,B,Desktop,0,0,220
U05532,B,Mobile,0,0,220
U05533,A,Desktop,0,0,220
U05534,A,Desktop,0,0,220
U05535,B,Mobile,0,0,220
U05536,A,Desktop,0,0,220
U05537,A,Mobile,0,0,220
U05538,A,Desktop,0,0,220
U05539,A,Mobile,1,4900,220
U05540,A,Desktop,0,0,220
U05541,B,Mobile,0,0,220
U05542,A,Mobile,1,9900,220
U05543,A,Desktop,0,0,220
U05544,B,Mobile,0,0,220
U05545,A,Desktop,0,0,220
U05546,B,Desktop,1,9900,220
U05547,B,Desktop,0,0,220
U05548,B,Mobile,0,0,220
U05549,B,Desktop,0,0,220
U05550,B,Mobile,0,0,220
U05551,A,Desktop,0,0,220
U05552,B,Mobile,0,0,220
U05553,B,Desktop,0,0,220
U05554,A,Desktop,0,0,220
U05555,A,Mobile,0,0,220
U05556,B,Mobile,0,0,220
U05557,B,Mobile,0,0,220
U05558,A,Mobile,0,0,220
U05559,A,Mobile,1,9900,220
U05560,A,Desktop,0,0,220
U05561,B,Mobile,0,0,220
U05562,A,Desktop,0,0,220
U05563,B,Mobile,0,0,220
U05564,B,Mobile,0,0,220
U05565,B,Desktop,0,0,220
U05566,A,Mobile,0,0,220
U05567,A,Desktop,0,0,220
U05568,A,Desktop,1,4900,220
U05569,A,Desktop,0,0,220
U05570,B,Desktop,0,0,220
U05571,A,Desktop,0,0,220
U05572,A,Mobile,0,0,220
U05573,A,Desktop,0,0,220
U05574,A,Mobile,0,0,220
U05575,A,Mobile,0,0,220
U05576,B,Mobile,0,0,220
U05577,A,Desktop,0,0,220
U05578,A,Mobile,0,0,220
U05579,B,Desktop,0,0,220
U05580,A,Desktop,0,0,220
U05581,B,Mobile,0,0,220
U05582,A,Mobile,0,0,220
U05583,A,Desktop,0,0,220
U05584,A,Mobile,0,0,220
U05585,B,Desktop,0,0,220
U05586,B,Mobile,0,0,220
U05587,A,Desktop,0,0,220
U05588,A,Mobile,0,0,220
U05589,A,Desktop,0,0,220
U05590,A,Mobile,0,0,220
U05591,A,Mobile,0,0,220
U05592,A,Desktop,0,0,220
U05593,B,Desktop,0,0,220
U05594,B,Desktop,0,0,220
U05595,A,Desktop,0,0,220
U05596,B,Mobile,0,0,220
U05597,B,Mobile,0,0,220
U05598,A,Mobile,0,0,220
U05599,A,Mobile,0,0,220
U05600,B,Mobile,0,0,220
U05601,B,Desktop,0,0,220
U05602,A,Mobile,0,0,220
U05603,A,Desktop,0,0,220
U05604,A,Desktop,0,0,220
U05605,A,Desktop,0,0,220
U05606,A,Mobile,0,0,220
U05607,A,Desktop,0,0,220
U05608,A,Mobile,0,0,220
U05609,B,Desktop,1,9900,220
U05610,A,Mobile,0,0,220
U05611,B,Desktop,0,0,220
U05612,A,Mobile,0,0,220
U05613,B,Mobile,0,0,220
U05614,A,Desktop,0,0,220
U05615,B,Mobile,0,0,220
U05616,B,Mobile,0,0,220
U05617,A,Desktop,0,0,220
U05618,A,Mobile,0,0,220
U05619,A,Mobile,0,0,220
U05620,A,Desktop,1,4900,220
U05621,B,Desktop,0,0,220
U05622,B,Desktop,0,0,220
U05623,B,Desktop,0,0,220
U05624,A,Mobile,0,0,220
U05625,A,Mobile,0,0,220
U05626,A,Mobile,0,0,220
U05627,A,Desktop,0,0,220
U05628,A,Desktop,0,0,220
U05629,A,Desktop,0,0,220
U05630,A,Desktop,0,0,220
U05631,B,Desktop,0,0,220
U05632,B,Desktop,0,0,220
U05633,A,Desktop,0,0,220
U05634,B,Mobile,0,0,220
U05635,A,Desktop,0,0,220
U05636,A,Mobile,0,0,220
U05637,A,Mobile,0,0,220
U05638,A,Mobile,0,0,220
U05639,A,Mobile,0,0,220
U05640,B,Desktop,0,0,220
U05641,B,Mobile,0,0,220
U05642,A,Mobile,0,0,220
U05643,A,Desktop,0,0,220
U05644,A,Mobile,0,0,220
U05645,B,Mobile,0,0,220
U05646,B,Mobile,0,0,220
U05647,B,Desktop,0,0,220
U05648,A,Desktop,0,0,220
U05649,B,Mobile,1,9900,220
U05650,A,Desktop,0,0,220
U05651,A,Mobile,0,0,220
U05652,B,Desktop,1,9900,220
U05653,B,Mobile,0,0,220
U05654,B,Mobile,0,0,220
U05655,A,Desktop,1,9900,220
U05656,B,Desktop,1,7900,220
U05657,A,Desktop,0,0,220
U05658,B,Desktop,0,0,220
U05659,A,Desktop,0,0,220
U05660,B,Desktop,0,0,220
U05661,A,Desktop,0,0,220
U05662,A,Desktop,0,0,220
U05663,B,Mobile,0,0,220
U05664,B,Desktop,0,0,220
U05665,B,Desktop,0,0,220
U05666,A,Mobile,0,0,220
U05667,B,Desktop,0,0,220
U05668,B,Desktop,0,0,220
U05669,A,Desktop,0,0,220
U05670,B,Mobile,0,0,220
U05671,B,Mobile,0,0,220
U05672,A,Mobile,1,7900,220
U05673,A,Desktop,0,0,220
U05674,A,Desktop,0,0,220
U05675,B,Desktop,0,0,220
U05676,B,Mobile,0,0,220
U05677,A,Mobile,0,0,220
U05678,B,Desktop,0,0,220
U05679,A,Desktop,0,0,220
U05680,B,Desktop,0,0,220
U05681,B,Mobile,0,0,220
U05682,B,Mobile,0,0,220
U05683,A,Desktop,0,0,220
U05684,B,Desktop,0,0,220
U05685,A,Desktop,0,0,220
U05686,A,Desktop,0,0,220
U05687,A,Desktop,0,0,220
U05688,A,Mobile,0,0,220
U05689,A,Mobile,0,0,220
U05690,B,Mobile,0,0,220
U05691,B,Mobile,0,0,220
U05692,A,Desktop,0,0,220
U05693,B,Mobile,0,0,220
U05694,B,Mobile,1,7900,220
U05695,B,Mobile,0,0,220
U05696,B,Mobile,0,0,220
U05697,B,Desktop,0,0,220
U05698,B,Desktop,0,0,220
U05699,A,Desktop,0,0,220
U05700,A,Desktop,0,0,220
U05701,B,Mobile,0,0,220
U05702,B,Desktop,1,9900,220
U05703,A,Desktop,0,0,220
U05704,B,Mobile,0,0,220
U05705,B,Desktop,0,0,220
U05706,A,Mobile,0,0,220
U05707,A,Mobile,0,0,220
U05708,B,Desktop,0,0,220
U05709,A,Mobile,0,0,220
U05710,B,Mobile,0,0,220
U05711,B,Desktop,0,0,220
U05712,A,Mobile,0,0,220
U05713,A,Mobile,1,7900,220
U05714,B,Mobile,0,0,220
U05715,A,Desktop,0,0,220
U05716,B,Desktop,0,0,220
U05717,B,Mobile,0,0,220
U05718,B,Desktop,0,0,220
U05719,B,Mobile,1,7900,220
U05720,B,Desktop,0,0,220
U05721,A,Mobile,0,0,220
U05722,A,Desktop,0,0,220
U05723,B,Desktop,0,0,220
U05724,B,Mobile,0,0,220
U05725,A,Mobile,0,0,220
U05726,B,Desktop,0,0,220
U05727,A,Mobile,1,4900,220
U05728,B,Mobile,0,0,220
U05729,B,Mobile,0,0,220
U05730,B,Mobile,0,0,220
U05731,B,Desktop,0,0,220
U05732,B,Desktop,0,0,220
U05733,A,Mobile,0,0,220
U05734,B,Mobile,0,0,220
U05735,A,Mobile,1,7900,220
U05736,B,Mobile,0,0,220
U05737,B,Mobile,0,0,220
U05738,A,Desktop,0,0,220
U05739,A,Mobile,1,9900,220
U05740,A,Desktop,0,0,220
U05741,A,Desktop,0,0,220
U05742,A,Mobile,0,0,220
U05743,A,Desktop,0,0,220
U05744,B,Desktop,0,0,220
U05745,B,Mobile,0,0,220
U05746,B,Desktop,1,7900,220
U05747,B,Desktop,1,7900,220
U05748,B,Desktop,0,0,220
U05749,A,Desktop,0,0,220
U05750,B,Mobile,0,0,220
U05751,B,Desktop,0,0,220
U05752,B,Mobile,0,0,220
U05753,A,Mobile,0,0,220
U05754,B,Desktop,0,0,220
U05755,A,Mobile,0,0,220
U05756,A,Mobile,0,0,220
U05757,B,Desktop,0,0,220
U05758,B,Desktop,0,0,220
U05759,A,Mobile,0,0,220
U05760,A,Desktop,0,0,220
U05761,B,Desktop,0,0,220
U05762,A,Desktop,0,0,220
U05763,A,Mobile,0,0,220
U05764,A,Mobile,0,0,220
U05765,B,Desktop,1,9900,220
U05766,A,Desktop,0,0,220
U05767,B,Desktop,0,0,220
U05768,B,Desktop,0,0,220
U05769,A,Desktop,0,0,220
U05770,A,Desktop,1,7900,220
U05771,A,Desktop,0,0,220
U05772,A,Desktop,0,0,220
U05773,B,Desktop,0,0,220
U05774,B,Mobile,0,0,220
U05775,A,Desktop,0,0,220
U05776,A,Desktop,1,9900,220
U05777,A,Mobile,0,0,220
U05778,B,Desktop,0,0,220
U05779,A,Mobile,0,0,220
U05780,B,Mobile,0,0,220
U05781,B,Mobile,0,0,220
U05782,A,Desktop,0,0,220
U05783,A,Desktop,0,0,220
U05784,B,Desktop,0,0,220
U05785,B,Desktop,0,0,220
U05786,A,Mobile,0,0,220
U05787,B,Mobile,0,0,220
U05788,A,Mobile,0,0,220
U05789,A,Mobile,0,0,220
U05790,B,Mobile,0,0,220
U05791,B,Mobile,0,0,220
U05792,A,Desktop,0,0,220
U05793,A,Mobile,0,0,220
U05794,B,Mobile,0,0,220
U05795,B,Mobile,0,0,220
U05796,B,Mobile,1,7900,220
U05797,B,Desktop,0,0,220
U05798,A,Desktop,1,7900,220
U05799,B,Desktop,0,0,220
U05800,B,Desktop,1,9900,220
U05801,B,Mobile,0,0,220
U05802,B,Desktop,0,0,220
U05803,A,Desktop,0,0,220
U05804,A,Mobile,0,0,220
U05805,B,Mobile,0,0,220
U05806,B,Mobile,1,4900,220
U05807,A,Desktop,0,0,220
U05808,A,Mobile,0,0,220
U05809,B,Desktop,0,0,220
U05810,A,Mobile,0,0,220
U05811,B,Desktop,1,4900,220
U05812,B,Desktop,1,7900,220
U05813,B,Mobile,0,0,220
U05814,A,Mobile,0,0,220
U05815,B,Desktop,0,0,220
U05816,A,Mobile,0,0,220
U05817,B,Mobile,1,4900,220
U05818,A,Desktop,1,9900,220
U05819,A,Desktop,0,0,220
U05820,A,Desktop,0,0,220
U05821,A,Desktop,0,0,220
U05822,B,Mobile,0,0,220
U05823,B,Desktop,0,0,220
U05824,B,Mobile,0,0,220
U05825,A,Desktop,0,0,220
U05826,A,Desktop,0,0,220
U05827,B,Mobile,1,7900,220
U05828,A,Desktop,0,0,220
U05829,A,Desktop,0,0,220
U05830,A,Mobile,0,0,220
U05831,A,Desktop,1,7900,220
U05832,A,Mobile,0,0,220
U05833,B,Desktop,0,0,220
U05834,B,Mobile,1,9900,220
U05835,A,Desktop,0,0,220
U05836,B,Desktop,1,7900,220
U05837,A,Desktop,0,0,220
U05838,A,Mobile,1,7900,220
U05839,A,Mobile,0,0,220
U05840,B,Mobile,0,0,220
U05841,A,Desktop,0,0,220
U05842,A,Desktop,1,9900,220
U05843,B,Desktop,0,0,220
U05844,A,Mobile,0,0,220
U05845,A,Mobile,0,0,220
U05846,A,Mobile,0,0,220
U05847,A,Mobile,0,0,220
U05848,A,Desktop,0,0,220
U05849,A,Mobile,0,0,220
U05850,B,Mobile,0,0,220
U05851,A,Desktop,1,9900,220
U05852,B,Mobile,1,7900,220
U05853,B,Mobile,1,4900,220
U05854,A,Desktop,0,0,220
U05855,B,Desktop,0,0,220
U05856,A,Mobile,0,0,220
U05857,B,Desktop,0,0,220
U05858,A,Desktop,0,0,220
U05859,A,Mobile,0,0,220
U05860,B,Mobile,0,0,220
U05861,B,Desktop,0,0,220
U05862,A,Mobile,0,0,220
U05863,A,Desktop,0,0,220
U05864,B,Mobile,0,0,220
U05865,A,Mobile,0,0,220
U05866,B,Desktop,0,0,220
U05867,A,Mobile,0,0,220
U05868,B,Desktop,0,0,220
U05869,B,Mobile,0,0,220
U05870,B,Mobile,0,0,220
U05871,A,Desktop,0,0,220
U05872,B,Mobile,0,0,220
U05873,A,Mobile,1,4900,220
U05874,A,Desktop,0,0,220
U05875,B,Mobile,0,0,220
U05876,B,Mobile,0,0,220
U05877,B,Mobile,0,0,220
U05878,A,Desktop,0,0,220
U05879,A,Mobile,0,0,220
U05880,A,Desktop,0,0,220
U05881,A,Mobile,0,0,220
U05882,B,Desktop,0,0,220
U05883,A,Desktop,0,0,220
U05884,A,Desktop,0,0,220
U05885,A,Desktop,0,0,220
U05886,A,Desktop,0,0,220
U05887,A,Desktop,0,0,220
U05888,B,Mobile,0,0,220
U05889,B,Desktop,0,0,220
U05890,B,Mobile,0,0,220
U05891,A,Desktop,1,7900,220
U05892,A,Mobile,1,7900,220
U05893,A,Mobile,0,0,220
U05894,A,Desktop,0,0,220
U05895,A,Mobile,0,0,220
U05896,A,Desktop,1,9900,220
U05897,B,Mobile,0,0,220
U05898,A,Desktop,1,9900,220
U05899,A,Desktop,0,0,220
U05900,B,Desktop,1,7900,220
U05901,B,Desktop,0,0,220
U05902,B,Mobile,0,0,220
U05903,B,Mobile,1,4900,220
U05904,B,Mobile,0,0,220
U05905,A,Mobile,0,0,220
U05906,A,Desktop,0,0,220
U05907,B,Desktop,0,0,220
U05908,A,Desktop,0,0,220
U05909,A,Desktop,0,0,220
U05910,B,Mobile,0,0,220
U05911,B,Mobile,0,0,220
U05912,A,Desktop,0,0,220
U05913,B,Desktop,0,0,220
U05914,A,Desktop,0,0,220
U05915,B,Desktop,0,0,220
U05916,B,Mobile,0,0,220
U05917,B,Mobile,0,0,220
U05918,B,Mobile,0,0,220
U05919,B,Desktop,1,4900,220
U05920,A,Desktop,0,0,220
U05921,A,Desktop,0,0,220
U05922,B,Desktop,0,0,220
U05923,A,Desktop,1,7900,220
U05924,A,Mobile,0,0,220
U05925,B,Desktop,1,4900,220
U05926,B,Desktop,0,0,220
U05927,B,Mobile,0,0,220
U05928,A,Desktop,0,0,220
U05929,B,Mobile,0,0,220
U05930,B,Desktop,0,0,220
U05931,B,Mobile,0,0,220
U05932,A,Desktop,0,0,220
U05933,A,Mobile,0,0,220
U05934,A,Mobile,0,0,220
U05935,B,Mobile,0,0,220
U05936,A,Mobile,0,0,220
U05937,B,Desktop,0,0,220
U05938,B,Mobile,0,0,220
U05939,A,Mobile,0,0,220
U05940,B,Desktop,0,0,220
U05941,B,Mobile,0,0,220
U05942,B,Desktop,0,0,220
U05943,B,Mobile,0,0,220
U05944,B,Mobile,0,0,220
U05945,B,Desktop,0,0,220
U05946,A,Mobile,0,0,220
U05947,A,Desktop,0,0,220
U05948,B,Desktop,0,0,220
U05949,B,Mobile,0,0,220
U05950,A,Mobile,1,9900,220
U05951,B,Mobile,0,0,220
U05952,B,Mobile,0,0,220
U05953,B,Mobile,0,0,220
U05954,B,Desktop,0,0,220
U05955,B,Desktop,0,0,220
U05956,A,Desktop,0,0,220
U05957,A,Desktop,0,0,220
U05958,A,Desktop,0,0,220
U05959,B,Desktop,0,0,220
U05960,A,Desktop,0,0,220
U05961,B,Mobile,0,0,220
U05962,B,Desktop,0,0,220
U05963,A,Desktop,0,0,220
U05964,A,Mobile,1,9900,220
U05965,B,Mobile,1,4900,220
U05966,B,Desktop,0,0,220
U05967,B,Mobile,0,0,220
U05968,B,Mobile,0,0,220
U05969,B,Mobile,0,0,220
U05970,B,Mobile,0,0,220
U05971,A,Mobile,0,0,220
U05972,A,Desktop,0,0,220
U05973,B,Mobile,0,0,220
U05974,A,Mobile,1,4900,220
U05975,A,Desktop,0,0,220
U05976,B,Mobile,0,0,220
U05977,A,Desktop,0,0,220
U05978,B,Mobile,0,0,220
U05979,A,Desktop,0,0,220
U05980,A,Mobile,0,0,220
U05981,B,Desktop,0,0,220
U05982,A,Desktop,1,4900,220
U05983,B,Desktop,0,0,220
U05984,B,Desktop,0,0,220
U05985,B,Mobile,0,0,220
U05986,B,Desktop,0,0,220
U05987,A,Desktop,0,0,220
U05988,B,Desktop,0,0,220
U05989,B,Desktop,1,4900,220
U05990,B,Desktop,0,0,220
U05991,B,Mobile,0,0,220
U05992,B,Desktop,0,0,220
U05993,B,Mobile,1,4900,220
U05994,A,Desktop,0,0,220
U05995,B,Desktop,0,0,220
U05996,B,Desktop,0,0,220
U05997,B,Desktop,0,0,220
U05998,A,Desktop,0,0,220
U05999,A,Mobile,0,0,220
